id,budget,revenue
19995,237000000,2.79E+09
285,300000000,9.61E+08
206647,245000000,8.81E+08
49026,250000000,1.09E+09
49529,260000000,2.84E+08
559,258000000,8.91E+08
38757,260000000,5.92E+08
99861,280000000,1.41E+09
767,250000000,9.34E+08
209112,250000000,8.73E+08
1452,270000000,3.91E+08
10764,200000000,5.86E+08
58,200000000,1.07E+09
57201,255000000,8.93E+07
49521,225000000,6.63E+08
2454,225000000,4.20E+08
24428,220000000,1.52E+09
1865,380000000,1.05E+09
41154,225000000,6.24E+08
122917,250000000,9.56E+08
1930,215000000,7.52E+08
20662,200000000,3.11E+08
57158,250000000,9.58E+08
2268,180000000,3.72E+08
254,207000000,5.50E+08
597,200000000,1.85E+09
271110,250000000,1.15E+09
44833,209000000,3.03E+08
135397,150000000,1.51E+09
37724,200000000,1.11E+09
558,200000000,7.84E+08
68721,200000000,1.22E+09
12155,200000000,1.03E+09
36668,210000000,4.59E+08
62211,200000000,7.44E+08
8373,150000000,8.36E+08
91314,210000000,1.09E+09
68728,200000000,4.92E+08
102382,200000000,7.06E+08
20526,170000000,4.00E+08
49013,200000000,5.60E+08
44912,200000000,2.20E+08
10193,200000000,1.07E+09
534,200000000,3.71E+08
168259,190000000,1.51E+09
72190,200000000,5.32E+08
127585,250000000,7.48E+08
54138,190000000,4.67E+08
81005,195000000,1.98E+08
64682,105000000,3.51E+08
9543,150000000,3.35E+08
68726,180000000,4.08E+08
38356,195000000,1.12E+09
217,185000000,7.87E+08
105864,175000000,3.32E+08
62177,185000000,5.39E+08
188927,185000000,3.44E+08
10681,180000000,5.21E+08
5174,140000000,2.58E+08
14161,200000000,7.70E+08
17979,200000000,3.25E+08
76757,176000003,1.84E+08
258489,180000000,3.57E+08
411,180000000,7.49E+08
246655,178000000,5.44E+08
155,185000000,1.01E+09
14160,175000000,7.35E+08
15512,175000000,3.82E+08
1726,140000000,5.85E+08
44826,170000000,1.86E+08
8487,170000000,2.22E+08
1735,145000000,4.01E+08
297761,175000000,7.45E+08
2698,175000000,1.73E+08
137113,178000000,3.71E+08
9804,175000000,2.64E+08
14869,175000000,3.03E+08
150540,175000000,8.58E+08
278927,175000000,9.67E+08
10138,200000000,6.24E+08
58595,170000000,3.97E+08
102651,180000000,7.59E+08
119450,170000000,7.11E+08
64686,175000000,1.51E+08
100402,170000000,7.15E+08
10192,165000000,7.53E+08
158852,190000000,2.09E+08
177572,165000000,6.52E+08
82690,165000000,4.71E+08
5255,165000000,3.06E+08
47933,165000000,3.90E+08
10191,165000000,4.95E+08
296,200000000,4.35E+08
118340,170000000,7.73E+08
157336,165000000,6.75E+08
27205,160000000,8.26E+08
315011,15000000,7.70E+07
49051,250000000,1.02E+09
9799,38000000,2.07E+08
4922,150000000,3.34E+08
49538,160000000,3.54E+08
131634,160000000,6.53E+08
27022,150000000,2.15E+08
503,160000000,1.82E+08
241259,170000000,2.99E+08
810,160000000,7.99E+08
68735,160000000,4.34E+08
87101,155000000,4.41E+08
10140,155000000,4.16E+08
676,140000000,4.49E+08
1858,150000000,7.10E+08
1966,155000000,1.67E+08
675,150000000,9.38E+08
674,150000000,8.96E+08
8960,150000000,6.24E+08
6479,150000000,5.85E+08
118,150000000,4.75E+08
2062,150000000,6.24E+08
272,150000000,3.74E+08
10527,150000000,6.04E+08
18360,150000000,4.13E+08
2080,150000000,3.73E+08
605,150000000,4.25E+08
109445,150000000,1.27E+09
604,150000000,7.39E+08
76338,170000000,6.45E+08
76341,150000000,3.79E+08
13448,150000000,3.57E+08
10195,150000000,4.49E+08
13053,150000000,3.10E+08
19585,150000000,2.93E+08
57165,150000000,3.01E+08
62213,150000000,2.46E+08
177677,150000000,6.82E+08
5559,150000000,2.88E+08
49444,150000000,6.66E+08
10196,150000000,3.19E+08
956,150000000,3.98E+08
117251,150000000,2.05E+08
50321,150000000,3.90E+07
11619,149000000,6.45E+07
266647,150000000,1.28E+08
82703,145000000,2.73E+08
652,175000000,4.97E+08
80321,145000000,7.47E+08
36669,140000000,4.32E+08
43074,144000000,2.29E+08
95,140000000,5.54E+08
608,140000000,4.42E+08
2310,70000000,1.96E+08
140300,145000000,5.21E+08
56292,145000000,6.95E+08
81188,145000000,3.07E+08
7552,100000000,2.02E+08
616,140000000,4.57E+08
147441,140000000,2.68E+08
13475,150000000,3.86E+08
557,139000000,8.22E+08
82702,145000000,6.09E+08
205584,140000000,1.51E+08
10048,135000000,7.69E+07
13183,130000000,1.85E+08
944,140000000,2.85E+08
1927,137000000,2.45E+08
72559,130000000,3.72E+08
7364,130000000,1.19E+08
2114,137000000,8.51E+07
1771,140000000,3.71E+08
36643,135000000,3.62E+08
8619,150000000,2.12E+08
50620,120000000,8.29E+08
65759,130000000,1.50E+08
1724,150000000,1.64E+08
267935,140000000,1.83E+08
281957,135000000,5.33E+08
77950,135000000,2.83E+08
44896,135000000,2.46E+08
270946,132000000,3.74E+08
2503,70000000,4.43E+08
9502,130000000,6.32E+08
102899,130000000,5.19E+08
101299,130000000,8.47E+08
228161,135000000,3.69E+08
74,132000000,5.92E+08
8961,130000000,2.73E+08
417859,130000000,5.55E+08
27576,110000000,2.93E+08
86834,125000000,3.63E+08
17578,130000000,3.72E+08
673,130000000,7.90E+08
6972,130000000,4.96E+07
82700,130000000,2.44E+08
10567,127500000,3.54E+08
181533,127000000,3.49E+08
38055,130000000,3.22E+08
671,125000000,9.77E+08
49524,130000000,6.17E+07
22,140000000,6.55E+08
131631,125000000,7.52E+08
591,125000000,7.68E+08
172385,103000000,5.00E+08
36658,110000000,4.08E+08
51497,125000000,6.26E+08
58574,125000000,3.35E+08
18823,125000000,2.33E+08
861,65000000,2.61E+08
1911,160000000,6.17E+07
49040,130000000,2.77E+08
415,125000000,2.38E+08
8871,123000000,3.45E+08
435,125000000,5.44E+08
955,125000000,5.46E+08
2133,120000000,3.26E+08
1979,130000000,2.89E+08
87827,120000000,6.09E+08
1250,110000000,2.29E+08
324668,120000000,4.16E+08
9471,120000000,2.59E+08
70981,130000000,4.03E+08
10996,120000000,1.70E+08
68724,115000000,2.86E+08
2789,105000000,1.16E+08
97020,120000000,2.43E+08
7459,120000000,9.40E+07
42888,120000000,4.87E+07
37834,117000000,2.62E+08
75612,120000000,2.86E+08
1895,113000000,8.50E+08
1894,120000000,6.49E+08
585,115000000,5.63E+08
76170,120000000,4.15E+08
1893,115000000,9.24E+08
49519,135000000,5.85E+08
2395,97250400,1.33E+08
12100,115000000,7.76E+07
290595,115000000,1.65E+08
98566,125000000,4.77E+08
49047,105000000,7.16E+08
9619,116000000,1.78E+08
308531,135000000,2.46E+08
166424,120000000,1.68E+08
1593,110000000,5.75E+08
254128,110000000,4.71E+08
714,110000000,3.33E+08
2024,110000000,2.15E+08
163,110000000,3.63E+08
787,110000000,4.78E+08
262500,110000000,2.95E+08
2567,116000000,1.02E+08
38745,112000000,2.37E+08
40805,120000000,2.28E+08
53182,110000000,3.38E+08
41513,110000000,5.64E+08
13700,110000000,1.04E+08
262504,110000000,1.79E+08
39254,110000000,2.99E+08
77931,105000000,3.47E+08
1639,160000000,1.65E+08
80274,110000000,1.26E+08
1571,110000000,3.84E+08
120,93000000,8.71E+08
10204,110000000,7.22E+07
8489,107000000,8.77E+07
2048,120000000,3.47E+08
1495,130000000,2.12E+08
10137,133000000,3.00E+08
10198,105000000,2.67E+08
286217,108000000,6.30E+08
1635,126000000,1.63E+08
24113,90000000,1.04E+07
9679,90000000,2.37E+08
98,103000000,4.58E+08
180,102000000,3.58E+08
672,100000000,8.77E+08
36557,150000000,5.99E+08
869,100000000,3.62E+08
280,100000000,5.20E+08
11322,80000000,2.14E+08
4982,100000000,2.67E+08
36955,115000000,3.79E+08
18487,100000000,1.50E+08
39451,100000000,3.11E+08
27581,100000000,1.70E+08
9268,100000000,2.42E+08
68718,100000000,4.25E+08
10545,100000000,1.00E+08
11688,100000000,1.69E+08
76163,100000000,3.13E+08
2059,100000000,3.48E+08
2486,100000000,2.49E+08
16523,100000000,1.00E+08
116711,100000000,2.68E+08
37710,100000000,2.79E+08
9946,100000000,2.12E+08
1372,100000000,1.71E+08
106646,100000000,3.92E+08
414,100000000,3.37E+08
563,105000000,1.21E+08
83542,102000000,1.31E+08
41216,80000000,1.40E+08
314,100000000,8.21E+07
184315,100000000,2.43E+08
9016,140000000,1.10E+08
18162,100000000,6.87E+07
138103,90000000,2.06E+08
257088,105000000,1.34E+08
205775,100000000,9.38E+07
11692,100000000,7.10E+06
22972,100000000,9.49E+07
227973,99000000,2.46E+08
29193,10000000,1.38E+07
1734,98000000,4.33E+08
3131,100000000,1.94E+08
76758,94000000,9.53E+07
9408,85000000,1.49E+08
9890,90000000,1.02E+08
855,92000000,1.73E+08
18,90000000,2.64E+08
37786,100000000,2.88E+08
10501,95000000,7.64E+07
57800,95000000,8.77E+08
150689,95000000,5.44E+08
7980,65000000,9.35E+07
12,94000000,9.40E+08
122,94000000,1.12E+09
121,79000000,9.26E+08
68737,95000000,1.14E+08
1995,115000000,2.75E+08
157353,100000000,1.03E+08
331,93000000,3.69E+08
61791,93000000,4.83E+08
8204,90000000,1.63E+08
47964,92000000,3.05E+08
10733,145000000,2.58E+07
9806,92000000,6.31E+08
1408,98000000,1.00E+07
32657,95000000,2.27E+08
607,90000000,5.89E+08
863,90000000,4.97E+08
44048,100000000,1.68E+08
5175,90000000,3.47E+08
2655,100000000,1.56E+08
22794,100000000,2.43E+08
8355,90000000,8.87E+08
116745,90000000,1.88E+08
4327,92000000,2.64E+08
1422,90000000,2.90E+08
10674,90000000,3.04E+08
7446,92000000,1.88E+08
65754,90000000,2.33E+08
1572,90000000,3.66E+08
10528,90000000,5.24E+08
271969,100000000,9.41E+07
10865,120000000,1.86E+08
2253,75000000,2.00E+08
10661,90000000,2.02E+08
257344,88000000,2.44E+08
644,100000000,2.36E+08
10756,90000000,1.82E+08
686,90000000,1.71E+08
9383,95000000,1.90E+08
179,80000000,1.63E+08
76285,90000000,1.75E+08
1996,95000000,1.57E+08
291805,90000000,3.35E+08
10003,68000000,1.18E+08
1535,92000000,1.43E+08
2067,90000000,6.09E+07
46195,90000000,4.85E+08
2277,100000000,9.37E+07
4477,90000000,1.41E+08
8665,100000000,3.52E+07
9387,20000000,7.91E+07
921,88000000,1.09E+08
49852,90000000,1.62E+07
4464,87000000,1.48E+08
664,92000000,4.95E+08
8358,90000000,4.30E+08
9836,100000000,3.84E+08
2502,75000000,2.89E+08
9772,85000000,3.15E+08
161,85000000,4.51E+08
52451,75000000,1.32E+08
76492,85000000,3.58E+08
4523,85000000,3.41E+08
59961,85000000,2.08E+08
10481,85000000,1.84E+08
59108,75000000,1.53E+08
1581,85000000,1.94E+08
9798,90000000,2.51E+08
22897,85000000,2.19E+08
298,85000000,3.11E+08
7484,85000000,1.97E+08
157350,85000000,2.89E+08
853,68000000,9.70E+07
10159,85000000,8.09E+07
9593,85000000,1.37E+08
1904,85000000,1.62E+08
9615,85000000,1.59E+08
297,90000000,1.43E+08
9884,85000000,7.84E+07
62764,85000000,1.83E+08
22538,60000000,4.77E+07
9341,60000000,7.42E+07
12107,84000000,1.23E+08
9637,84000000,2.76E+08
49049,50000000,4.10E+07
9339,82500000,2.38E+08
16281,8000000,2.10E+07
39691,85000000,1.13E+08
8247,85000000,2.22E+08
11253,85000000,1.60E+08
1949,65000000,8.48E+07
8452,82000000,9.61E+07
310,80000000,4.85E+08
27578,80000000,2.75E+08
954,80000000,4.58E+08
70160,75000000,6.91E+08
45243,80000000,2.55E+08
364,80000000,2.80E+08
7518,80000000,3.43E+08
11544,80000000,1.46E+08
9986,85000000,1.44E+08
8656,75000000,1.41E+08
9291,82000000,1.90E+08
55301,75000000,3.43E+08
109418,80000000,2.47E+08
11665,80000000,2.31E+08
6964,80000000,2.67E+08
11324,80000000,2.95E+08
12193,80000000,1.64E+08
9928,75000000,2.61E+08
754,80000000,2.46E+08
10202,80000000,2.13E+08
4147,80000000,1.81E+08
50546,80000000,2.15E+08
1701,75000000,2.24E+08
13027,80000000,1.78E+08
2289,79000000,1.73E+08
20504,80000000,1.57E+08
9574,80000000,1.78E+08
11618,80000000,9.12E+07
2300,80000000,2.50E+08
10200,80000000,2.33E+08
8834,75000000,1.37E+08
228150,68000000,2.12E+08
6068,70000000,1.64E+08
41515,80000000,2.02E+08
9023,80000000,1.23E+08
38317,80000000,1.70E+08
2157,80000000,1.36E+08
14462,80000000,9.61E+07
159824,80000000,4.73E+08
49948,80000000,9.09E+07
2135,80000000,1.24E+08
9705,102000000,1.47E+08
1656,75000000,1.42E+08
12159,85000000,7.15E+07
4442,88000000,1.05E+08
75,70000000,1.01E+08
19959,80000000,1.22E+08
11973,80000000,3.46E+07
11228,80000000,1.59E+08
77951,80000000,1.27E+08
5491,44000000,2.14E+07
10715,80000000,6.85E+07
10197,80000000,5.38E+07
9562,80000000,1.95E+07
9922,80000000,1.76E+07
9447,90000000,6.91E+07
274854,90000000,1.47E+08
8870,80000000,3.35E+07
9992,86000000,1.08E+08
10077,80000000,5.99E+06
76649,130000000,1.18E+08
453,60000000,3.14E+08
8587,45000000,7.88E+08
72545,79000000,3.56E+08
109451,78000000,2.48E+08
9533,78000000,2.09E+08
2023,100000000,1.08E+08
71880,79000000,1.50E+08
584,76000000,2.36E+08
309809,64000000,9.76E+07
4858,80000000,1.51E+07
17711,76000000,3.51E+07
328111,75000000,8.76E+08
8698,78000000,1.79E+08
93456,76000000,9.71E+08
602,75000000,8.17E+08
330,73000000,2.29E+08
953,75000000,5.33E+08
9693,76000000,7.00E+07
36657,75000000,2.96E+08
8909,75000000,2.58E+08
9802,75000000,3.35E+08
950,80000000,6.61E+08
1824,75000000,1.97E+08
2976,50000000,9.05E+07
11026,80000000,7.80E+07
75656,75000000,1.18E+08
38365,80000000,2.71E+08
594,60000000,2.19E+08
15189,35000000,7.30E+07
11678,75000000,2.16E+08
6538,75000000,1.19E+08
10555,75000000,3.67E+08
1125,70000000,1.55E+08
4551,53000000,9.52E+07
612,70000000,1.30E+08
9567,70000000,8.56E+07
37821,75000000,9.82E+07
203801,75000000,1.08E+08
2539,80000000,5.50E+07
9297,75000000,1.40E+08
3172,75000000,6.76E+07
6520,55000000,1.28E+08
37958,75000000,2.27E+08
2026,52000000,7.79E+07
7450,75000000,3.68E+07
11375,75000000,5.11E+07
9425,75000000,1.46E+07
23685,75000000,5.41E+06
11866,45000000,2.10E+07
9741,75000000,2.48E+08
211672,74000000,1.16E+09
23629,82000000,8.98E+07
8688,73000000,1.04E+08
10153,75000000,1.31E+07
153518,73000000,3.50E+08
8676,70000000,1.11E+08
20829,75000000,6.15E+07
4349,70000000,8.67E+07
9718,72500000,1.63E+08
10808,70000000,1.76E+08
197,72000000,2.10E+08
25,72000000,9.69E+07
35,75000000,5.27E+08
11086,72000000,3.73E+07
10477,94000000,5.47E+07
1997,74500000,6.22E+07
6947,60000000,2.57E+08
3050,71000000,2.95E+08
2675,72000000,4.08E+08
809,150000000,9.20E+08
920,120000000,4.62E+08
4806,70000000,3.10E+08
7451,70000000,2.77E+08
228165,74000000,3.12E+08
3595,80000000,3.10E+08
16869,70000000,3.19E+08
879,70000000,3.01E+08
1573,70000000,2.40E+08
9257,80000000,1.17E+08
1903,68000000,2.03E+08
9697,75000000,4.23E+07
395,70000000,1.71E+08
23398,75000000,4.43E+08
10590,75000000,1.15E+08
117263,70000000,1.61E+08
200,70000000,1.18E+08
44943,70000000,2.03E+08
587,70000000,1.23E+08
57212,66000000,1.78E+08
152760,70000000,1.55E+08
2756,70000000,9.00E+07
33909,70000000,1.35E+08
49017,70000000,2.16E+08
9882,70000000,1.17E+08
2270,70000000,1.36E+08
978,70000000,1.32E+08
44564,70000000,6.71E+07
3132,70000000,6.60E+07
8814,60000000,5.60E+07
8427,70000000,3.36E+07
52520,70000000,1.60E+08
80585,75000000,5.94E+07
10592,70000000,3.23E+07
49021,66000000,5.78E+07
10550,70000000,1.99E+07
11258,70000000,1.99E+07
12610,75000000,1.36E+07
59981,70000000,1.87E+07
201088,70000000,1.78E+07
5137,70000000,5.80E+07
3093,70000000,3.86E+07
107846,50000000,1.23E+08
188207,70000000,6.13E+07
4614,68000000,1.93E+08
24021,68000000,6.99E+08
11371,68000000,7.11E+07
20352,69000000,5.44E+08
11517,60000000,3.54E+07
214756,68000000,2.17E+08
26428,70000000,3.90E+07
9824,68000000,2.98E+07
48988,36000000,8.32E+07
9008,90000000,6.03E+07
300673,80000000,5.21E+07
12113,70000000,1.13E+08
38778,69000000,8.64E+07
72331,69000000,1.12E+08
1844,66000000,2.12E+08
846,66000000,1.89E+08
9703,67000000,2.53E+07
857,70000000,4.82E+08
136797,66000000,2.03E+08
3981,70000000,3.74E+08
425,59000000,3.83E+08
6171,68000000,7.57E+07
72976,65000000,2.75E+08
603,63000000,4.64E+08
568,52000000,3.55E+08
9021,65000000,1.73E+08
82695,61000000,4.42E+08
9489,65000000,2.51E+08
12133,65000000,1.28E+08
9342,95000000,2.50E+08
41733,65000000,2.12E+08
227306,65000000,1.63E+08
5551,65000000,1.29E+08
9350,70000000,2.55E+08
9208,50000000,1.50E+08
4244,65000000,6.97E+07
1852,63000000,1.63E+08
76493,65000000,1.79E+08
345,65000000,1.62E+08
196867,65000000,1.34E+08
256591,50100000,1.54E+08
59962,65000000,1.57E+08
36648,65000000,1.29E+08
1880,4200000,3.84E+07
71679,65000000,2.40E+08
10483,45000000,7.38E+07
11412,65000000,8.95E+07
6795,65000000,6.43E+07
550,63000000,1.01E+08
11170,65000000,4.36E+07
9292,65000000,1.72E+07
100241,65000000,7.12E+07
257,50000000,4.21E+07
9947,43000000,5.67E+07
189,65000000,3.94E+07
12618,64000000,7.46E+07
253412,55000000,2.03E+08
1427,50000000,1.32E+08
818,63000000,2.97E+08
16577,65000000,4.41E+07
329,63000000,9.20E+08
12160,63000000,2.51E+07
9331,62000000,2.16E+08
300168,65000000,1.22E+08
9072,64000000,1.02E+08
3536,62000000,1.28E+08
9087,62000000,1.08E+08
12177,62000000,4.18E+07
12138,62000000,1.87E+07
273248,44000000,1.56E+08
50359,63000000,1.84E+08
1271,65000000,4.23E+08
693,80000000,5.17E+08
14306,60000000,2.44E+08
497,60000000,2.85E+08
9982,150000000,3.14E+08
210577,61000000,3.69E+08
2501,60000000,2.14E+08
710,58000000,3.52E+08
2275,60000000,1.50E+08
37165,60000000,2.64E+08
9837,70000000,2.19E+08
10708,60000000,1.64E+08
136400,61000000,1.32E+08
10992,60000000,9.34E+07
9654,60000000,1.76E+08
2642,60000000,9.34E+07
8916,60000000,1.72E+08
19899,70000000,1.72E+08
2119,60000000,1.58E+08
9641,60000000,1.29E+08
294254,61000000,3.11E+08
38167,60000000,2.05E+08
39514,58000000,7.17E+07
9563,55000000,1.00E+08
547,60000000,1.87E+08
1538,65000000,2.18E+08
9334,60000000,1.65E+08
11128,60000000,7.45E+07
75780,60000000,2.18E+08
8914,60000000,7.37E+07
39538,60000000,1.38E+08
14836,60000000,1.25E+08
8645,60000000,1.63E+08
9509,70000000,1.30E+08
10067,50000000,6.11E+07
9384,60000000,1.70E+08
9279,60000000,1.30E+08
1487,66000000,9.93E+07
9422,70000000,5.67E+07
77174,60000000,1.07E+08
4824,60000000,1.59E+08
9620,60000000,9.63E+07
10199,60000000,5.09E+07
3512,60000000,1.04E+08
137094,60000000,5.06E+07
274479,60000000,1.01E+08
267860,60000000,2.06E+08
8078,70000000,1.62E+08
7485,61000000,9.57E+07
170687,60000000,1.08E+08
6435,75000000,4.67E+07
137106,60000000,4.69E+08
6278,60000000,4.31E+07
82682,60000000,1.05E+08
17610,60000000,6.24E+07
22954,60000000,1.22E+08
16995,60000000,8.78E+07
16558,78146652,6.00E+07
9849,65000000,3.69E+07
5820,60000000,7.79E+07
16866,70000000,1.05E+08
201,60000000,6.73E+07
11775,60000000,1.20E+08
12201,80000000,7.49E+07
11015,60000000,3.40E+07
9932,60000000,5.50E+07
13389,60000000,7.32E+07
17332,60000000,3.17E+07
4958,80000000,3.95E+07
786,60000000,4.74E+07
11679,60000000,7.11E+07
38321,60000000,7.83E+07
14411,60000000,2.63E+07
8413,60000000,2.67E+07
10052,60000000,5.23E+07
9676,50000000,4.91E+07
9664,60000000,1.78E+07
2100,72000000,2.76E+07
10384,90000000,1.48E+07
137321,60000000,3.08E+07
123553,60000000,9.06E+07
11260,60000000,5.07E+07
9009,30000000,2.55E+07
2309,60000000,5.75E+07
8285,60000000,3.90E+07
210860,60000000,3.04E+07
381902,68490000,1.94E+08
13922,80000000,1.02E+07
293660,58000000,7.83E+08
190859,58800000,5.42E+08
257445,58000000,1.58E+08
9007,58000000,1.03E+08
889,83000000,5.95E+07
1370,63000000,1.89E+08
4942,58000000,4.13E+07
24438,58000000,8.53E+07
116741,58000000,4.40E+07
35791,60000000,3.00E+08
72431,58000000,5.04E+07
1813,57000000,1.53E+08
87428,70000000,5.81E+07
8840,57000000,1.15E+08
10589,60000000,6.14E+07
71676,57000000,1.49E+08
1722,57000000,6.21E+07
10022,56000000,1.13E+08
11358,56000000,5.72E+07
13,55000000,6.78E+08
6477,60000000,3.61E+08
1597,55000000,3.30E+08
10530,55000000,3.46E+08
1924,55000000,3.00E+08
9327,54000000,1.29E+08
8488,70000000,3.68E+08
8273,55000000,2.31E+08
109424,55000000,9.50E+07
35056,55000000,1.52E+08
8839,50000000,2.88E+08
156022,55000000,1.92E+08
7303,55000000,1.55E+08
8963,53000000,1.57E+08
1402,55000000,3.07E+08
9315,55000000,2.23E+08
8984,55000000,2.14E+08
795,55000000,1.99E+08
24,30000000,1.81E+08
393,30000000,1.52E+08
9618,55000000,6.34E+07
9374,55000000,1.49E+08
8584,55000000,5.69E+07
2320,55000000,1.22E+08
58224,55000000,1.87E+08
1729,55000000,1.28E+08
175574,55000000,1.10E+08
8077,50000000,1.60E+08
8818,55000000,1.41E+08
8195,55000000,4.16E+07
10586,50000000,7.50E+07
116149,55000000,2.59E+08
80035,68000000,6.83E+07
10632,55000000,3.42E+07
1792,55000000,3.38E+07
72197,60000000,1.18E+08
3580,55000000,1.13E+08
12123,50000000,6.02E+07
9566,55000000,1.86E+07
9833,70000000,1.55E+08
4517,55000000,7.42E+07
8202,62000000,5.23E+07
16072,56000000,1.29E+07
34314,55000000,1.15E+07
145220,50000000,8.04E+07
14623,57000000,2.83E+07
42297,55000000,8.95E+07
802,2000000,9.25E+06
10375,55000000,6.42E+06
36586,54000000,1.55E+08
11321,55000000,1.68E+08
70074,55000000,9.49E+06
242,54000000,1.37E+08
9621,57000000,5.20E+07
1819,54000000,1.30E+08
8536,54000000,1.91E+08
8046,54000000,7.27E+06
1717,55000000,9.45E+06
479,46000000,1.07E+08
9444,53000000,1.40E+08
824,52500000,1.79E+08
11456,75000000,5.43E+07
261023,53000000,9.88E+07
3683,90000000,6.59E+07
22803,53000000,1.27E+08
285923,67000000,2.50E+07
640,52000000,3.52E+08
97630,40000000,1.33E+08
9767,52000000,2.05E+08
11631,52000000,6.10E+08
32856,52000000,2.17E+08
6519,50000000,1.11E+08
8741,52000000,9.81E+07
49520,52000000,7.55E+07
1850,82000000,4.74E+07
524,52000000,1.16E+08
26389,52000000,5.28E+07
2123,51000000,1.49E+08
9907,51000000,7.28E+07
18239,50000000,7.10E+08
808,60000000,4.84E+08
38050,50200000,1.28E+08
8367,48000000,3.91E+08
9390,50000000,2.74E+08
72105,50000000,5.49E+08
2898,50000000,3.14E+08
10312,50000000,2.02E+08
109443,50000000,1.74E+08
2022,50000000,1.71E+08
37686,50000000,2.60E+08
462,52000000,2.56E+08
9919,50000000,1.77E+08
187017,50000000,1.88E+08
628,60000000,2.24E+08
10201,70000000,2.26E+08
302699,50000000,2.17E+08
274167,50000000,2.43E+08
224141,50000000,2.13E+08
388,45000000,1.84E+08
2112,90000000,1.62E+08
10329,50000000,1.52E+08
74465,50000000,1.20E+08
13811,50000000,1.55E+08
6877,50000000,8.87E+07
10320,50000000,1.62E+08
50646,50000000,1.43E+08
8920,50000000,2.01E+08
60308,50000000,1.10E+08
6950,50000000,1.90E+08
225574,50000000,2.23E+08
13836,50000000,1.06E+08
752,54000000,1.33E+08
6038,50000000,8.83E+07
9975,50000000,6.98E+07
11451,50000000,6.60E+07
12103,50000000,1.00E+08
60304,50000000,2.25E+08
2251,50000000,1.19E+08
46529,50000000,1.45E+08
231,50000000,9.40E+07
300671,50000000,6.94E+07
228326,50000000,9.74E+07
9754,45000000,8.28E+07
66,50000000,5.01E+07
4421,50000000,4.82E+07
2649,50000000,1.09E+08
588,50000000,9.76E+07
71552,50000000,2.35E+08
9631,50000000,4.46E+07
216282,50000000,1.61E+08
306,50000000,1.19E+08
928,50000000,4.15E+07
205587,50000000,8.37E+07
1577,45000000,1.29E+08
9801,50000000,4.02E+07
2116,50000000,5.55E+07
9624,50000000,4.90E+07
14199,50000000,6.94E+07
1907,40000000,1.44E+08
4599,50000000,4.97E+07
22832,40000000,6.05E+07
9879,50000000,1.13E+08
38579,50000000,8.38E+07
44603,50000000,1.05E+08
11892,50000000,5.67E+07
9691,50000000,3.03E+07
1248,50000000,8.22E+07
12220,50000000,5.89E+07
72710,44000000,6.33E+07
10782,50000000,4.28E+07
9573,50000000,2.62E+07
4959,50000000,6.02E+07
10061,50000000,4.23E+07
10386,70000000,2.32E+07
421,50000000,3.48E+07
316152,50000000,2.50E+07
11615,50000000,3.90E+07
241554,50000000,7.16E+07
2252,51500000,5.51E+07
11968,50000000,4.44E+07
10047,60000000,6.70E+07
38319,49900000,2.61E+07
69668,50000000,3.85E+07
9770,50000000,1.05E+07
11212,50000000,1.67E+07
10533,50000000,1.04E+07
38363,22000000,2.42E+07
9923,50000000,2.29E+07
11863,50000000,9.85E+06
18501,50000000,4.08E+07
109491,60000000,6.01E+07
329833,50000000,5.60E+07
12634,50000000,6.81E+06
47327,50000000,2.89E+07
15268,50000000,1.28E+07
10796,49000000,7.27E+07
9548,49000000,2.04E+07
18947,50000000,3.64E+07
1900,48000000,2.08E+08
89,48000000,4.74E+08
198184,49000000,1.04E+08
9481,73000000,1.52E+08
4547,48000000,1.96E+08
6415,75000000,1.08E+08
181283,50000000,3.32E+06
9896,48000000,8.55E+07
167,48000000,5.03E+07
1636,48000000,9.04E+07
2148,58000000,2.59E+07
5176,55000000,7.00E+07
260346,48000000,3.26E+08
1389,48000000,7.78E+07
9894,47000000,1.03E+08
8592,47000000,1.04E+08
913,48000000,1.24E+08
11091,48000000,3.57E+07
1368,15000000,1.25E+08
5393,47000000,3.81E+07
9095,47000000,1.24E+07
8874,38000000,2.99E+08
320,46000000,1.14E+08
199,46000000,1.50E+08
20533,47000000,1.05E+07
10684,46000000,1.01E+08
1624,45000000,1.81E+08
325789,25000000,1.54E+07
113464,46000000,5.20E+06
888,46000000,3.42E+08
82675,45000000,3.76E+08
4256,48000000,2.21E+08
1493,45000000,2.12E+08
88751,45000000,1.02E+08
11130,40000000,9.52E+07
9944,45000000,1.95E+08
10731,45000000,1.18E+08
7350,45000000,1.75E+08
9869,45000000,1.78E+08
4379,43000000,1.55E+08
146233,46000000,1.22E+08
2034,45000000,1.05E+08
926,45000000,9.07E+07
4248,45000000,1.41E+08
64328,45000000,1.65E+08
36647,45000000,1.31E+08
7214,30000000,7.67E+07
1537,45000000,9.49E+07
9360,45000000,1.37E+08
6282,45000000,1.14E+08
508,40000000,2.45E+08
9487,120000000,3.63E+08
768,35000000,7.46E+07
2636,45000000,1.70E+08
10478,45000000,5.39E+07
9981,45000000,5.61E+07
7453,50000000,1.05E+08
7737,45000000,1.48E+08
232672,40000000,1.24E+08
17379,45000000,3.84E+07
82525,45000000,8.30E+07
9759,25000000,5.64E+07
9486,40000000,1.61E+08
9906,50000000,5.52E+07
841,40000000,3.09E+07
4148,35000000,7.52E+07
2207,55000000,6.57E+07
9381,70000000,7.21E+07
20856,45000000,5.79E+07
5955,35000000,2.94E+07
9899,45000000,3.81E+07
9826,45000000,1.73E+07
10858,44000000,1.37E+07
11439,45000000,6.02E+07
9457,45000000,1.12E+07
12412,45000000,9.32E+06
13184,45000000,4.25E+07
2185,40000000,8.49E+06
6639,45000000,4.61E+06
38153,45000000,2.16E+06
58233,45000000,1.60E+08
116977,65000000,7.37E+04
68734,44500000,2.32E+08
5503,44000000,3.69E+08
27573,40000000,1.36E+08
819,44000000,1.66E+08
1369,44000000,3.00E+08
10895,2600000,8.43E+07
10935,44000000,3.48E+06
834,50000000,1.11E+08
228066,40000000,3.42E+07
711,43000000,8.01E+07
10027,45000000,5.09E+07
11812,43000000,6.87E+07
37233,42000000,2.70E+08
37950,44000000,4.82E+07
27582,40000000,5.11E+07
64688,42000000,2.02E+08
509,42000000,3.64E+08
7443,45000000,2.25E+08
5966,42000000,1.72E+08
11066,40000000,7.01E+07
136795,43000000,1.59E+08
8095,31115000,7.10E+07
11560,42000000,6.38E+07
2637,32000000,5.52E+07
709,32000000,1.56E+08
49730,42000000,8.92E+07
2749,60000000,5.64E+07
9607,48000000,2.09E+07
1830,42000000,2.41E+07
79,31000000,1.77E+08
54054,40000000,3.69E+07
228967,44000000,1.23E+07
46528,42000000,1.11E+07
27936,33000000,1.40E+07
65,41000000,2.15E+08
9476,65000000,1.18E+08
745,40000000,6.73E+08
49527,42000000,4.62E+07
73937,41000000,7.45E+06
1885,8000000,9.08E+07
168672,40000000,2.51E+08
18240,40000000,3.17E+08
10398,70000000,1.78E+08
165,40000000,3.32E+08
240832,40000000,1.27E+08
216015,40000000,5.71E+08
12279,38000000,1.97E+08
1645,40000000,1.52E+08
11007,40000000,1.90E+08
193756,40000000,1.49E+08
11287,40000000,1.08E+08
259693,40000000,3.20E+08
37799,40000000,2.25E+08
10184,40000000,1.77E+08
4257,45000000,1.78E+08
4234,40000000,1.62E+08
196,40000000,2.45E+08
257091,40000000,1.12E+08
6114,40000000,2.16E+08
24803,40000000,1.30E+08
109410,40000000,9.50E+07
1213,40000000,1.29E+08
100042,40000000,1.70E+08
9036,40000000,1.21E+08
257211,35000000,1.95E+08
323675,40000000,1.25E+08
9361,40000000,7.55E+07
1677,40000000,1.25E+08
187,40000000,1.59E+08
7461,40000000,1.51E+08
16538,41000000,9.16E+07
9889,40000000,1.41E+08
820,40000000,2.05E+08
11565,40000000,1.38E+08
6073,57000000,1.48E+08
16996,20000000,1.36E+08
193610,40000000,1.97E+08
19912,40000000,1.86E+08
296098,40000000,1.66E+08
8007,40000000,9.18E+07
32823,40000000,9.00E+07
4380,50000000,1.70E+08
11551,40000000,5.47E+07
10336,40000000,8.78E+07
11362,35000000,7.54E+07
50348,40000000,8.54E+07
48138,30000000,1.31E+08
1124,40000000,1.10E+08
227159,42000000,1.08E+08
68179,40000000,7.46E+07
1579,40000000,1.20E+08
708,40000000,1.91E+08
34851,40000000,1.26E+08
1586,40000000,9.29E+07
2044,40000000,1.15E+08
9913,43000000,9.20E+07
10761,40000000,8.46E+07
209451,40000000,6.74E+07
11975,40000000,4.59E+07
4970,40000000,1.42E+08
11831,36000000,7.40E+07
440,40000000,4.18E+07
11172,40000000,1.46E+08
39513,40000000,9.76E+07
82687,40000000,4.19E+07
41446,40000000,9.71E+07
8224,40000000,9.66E+07
10537,38000000,3.44E+07
225886,40000000,1.26E+08
10385,40000000,3.60E+07
55779,47000000,1.58E+08
10647,40000000,5.57E+07
11431,30000000,5.05E+07
8850,25000000,4.81E+07
64685,40000000,5.53E+07
38357,40000000,5.88E+07
10060,40000000,4.64E+07
11398,40000000,3.02E+07
1833,40000000,3.17E+07
8970,75000000,2.90E+07
9306,40000000,4.96E+07
11370,40000000,2.71E+07
1921,40000000,6.58E+07
1683,40000000,6.28E+07
203,500000,3.00E+06
11858,40000000,2.43E+07
62835,40000000,6.10E+07
18937,40000000,3.82E+07
13536,40000000,2.24E+07
10718,40000000,4.66E+07
10802,45000000,2.04E+07
1887,40000000,6.05E+07
10461,63600000,1.94E+07
80278,42000000,1.80E+08
12704,55000000,1.44E+07
10315,40000000,4.65E+07
16643,40000000,1.69E+07
2687,40000000,1.44E+07
194,10000000,1.74E+08
8849,60000000,1.34E+07
78698,40000000,2.47E+07
30943,38000000,2.81E+07
9544,40000000,1.89E+07
24418,40000000,2.82E+07
7288,40000000,1.93E+07
10366,45000000,1.07E+07
19898,33000000,2.07E+07
15074,40000000,1.10E+07
1272,50000000,3.20E+07
72358,40000000,2.20E+07
266396,40000000,1.36E+07
9978,40000000,2.39E+07
8271,20000000,1.18E+08
10428,20000000,7.56E+06
110415,39200000,8.68E+07
9495,15000000,9.40E+07
256040,40000000,1.00E+08
24420,39000000,1.01E+08
62214,39000000,3.53E+07
16320,39000000,3.89E+07
8842,39000000,6.61E+06
9531,39000000,7.59E+07
64807,40000000,4.49E+07
12289,80341000,1.28E+08
11529,30000000,1.81E+08
20943,38000000,2.05E+08
9488,38000000,1.20E+08
193,38000000,1.20E+08
44865,3860000,6.41E+07
55787,38000000,1.14E+08
10400,50000000,7.40E+07
1957,38000000,5.18E+07
256961,38000000,1.08E+08
5852,53000000,2.97E+07
622,38000000,5.84E+07
11306,38000000,1.74E+07
12508,57000000,1.70E+07
25793,10000000,4.75E+07
10534,38000000,1.03E+07
1091,15000000,1.96E+07
87421,38000000,9.83E+07
10871,37000000,6.48E+06
13600,55000000,1.79E+07
68722,32000000,2.83E+07
14324,38000000,5.41E+06
14325,40000000,9.79E+06
299687,38000000,1.10E+08
312221,37000000,1.74E+08
23168,37000000,1.54E+08
76494,40000000,7.97E+07
4944,37000000,1.64E+08
10488,37000000,1.00E+08
96721,38000000,9.03E+07
334,37000000,4.85E+07
23742,30000000,5.56E+07
259694,38000000,1.12E+08
62837,37000000,9.54E+07
8966,37000000,3.93E+08
8470,36000000,1.02E+08
11001,65000000,1.18E+08
138832,37000000,2.70E+08
16911,36500000,2.18E+07
2163,36000000,5.02E+07
36670,36000000,1.60E+08
23048,36000000,6.46E+07
227735,36000000,5.24E+07
2155,42000000,3.22E+07
8409,36000000,4.44E+07
222936,37000000,2.63E+07
48171,37000000,9.61E+07
782,36000000,1.25E+07
75531,36000000,3.00E+06
11802,37000000,6.38E+07
18785,35000000,4.59E+08
365222,36000000,1.57E+08
817,33000000,3.11E+08
268,35000000,4.11E+08
943,35000000,3.22E+08
22881,29000000,3.09E+08
10054,35000000,1.48E+08
51540,35000000,1.17E+08
44264,38000000,2.52E+08
350,35000000,3.27E+08
152,35000000,1.39E+08
109431,35000000,1.74E+08
1598,35000000,1.82E+08
8065,35000000,6.98E+07
271718,35000000,1.41E+08
11638,35000000,6.89E+07
409,27000000,2.32E+08
2118,35000000,1.26E+08
11459,35000000,8.64E+07
9348,35000000,1.13E+08
377,1800000,2.55E+07
8843,33000000,1.04E+08
39486,35000000,6.03E+07
1273,34000000,9.56E+07
13920,32000000,5.23E+07
50544,35000000,1.51E+08
325133,35000000,1.09E+08
140823,35000000,1.13E+08
1883,34000000,4.82E+07
89492,35000000,8.81E+07
22949,35000000,9.22E+07
12437,35000000,9.14E+07
2959,35000000,6.93E+07
11648,30000000,5.84E+07
9366,35000000,4.20E+07
1576,33000000,1.03E+08
609,10700000,1.22E+08
13051,35000000,8.54E+07
49530,40000000,1.74E+08
34806,35000000,7.75E+07
49022,35000000,5.99E+07
23479,35000000,3.53E+07
11667,35000000,9.94E+07
423,35000000,1.20E+08
10066,40000000,6.88E+07
2288,27000000,1.16E+08
88794,35000000,8.46E+07
13515,35000000,7.24E+07
11979,35000000,4.55E+07
169,35000000,5.71E+07
8090,35000000,3.25E+07
11622,35000000,4.03E+07
3604,35000000,2.71E+07
9541,35000000,3.61E+07
94348,45000000,3.04E+07
8197,35000000,2.51E+07
336004,8900000,4.10E+06
35019,35000000,9.33E+07
8836,30000000,6.84E+07
14442,31000000,2.74E+07
321741,35000000,5.04E+07
59965,35000000,8.21E+07
14175,35000000,1.95E+07
11918,35000000,2.59E+07
98357,56000000,1.97E+07
10012,35000000,1.93E+07
49526,35000000,3.11E+07
268920,35000000,5.17E+07
9093,35000000,2.99E+07
119283,35000000,4.62E+07
11823,31000000,4.15E+07
35169,35000000,3.93E+07
849,27000000,1.65E+07
4515,35000000,6.32E+07
6575,35000000,1.83E+07
13496,35000000,1.37E+07
18320,35000000,2.74E+07
22787,40000000,1.22E+07
8967,32000000,5.47E+07
144336,35000000,1.75E+07
9616,35000000,1.16E+07
13056,20500000,1.01E+07
14113,35000000,1.25E+07
285783,35000000,6.12E+07
9726,35000000,4.21E+07
20763,35000000,4.65E+06
9280,35000000,1.68E+07
11876,35000000,1.50E+07
22267,38000000,6.35E+05
1969,35000000,1.05E+07
198663,34000000,3.48E+08
239573,35000000,1.44E+07
10436,34000000,3.23E+07
1381,35000000,1.53E+07
2162,70000000,1.13E+07
127493,35000000,2.11E+06
12429,41677699,1.88E+08
228205,34000000,6.30E+07
2900,75000000,1.96E+07
192136,35000000,2.73E+07
18254,32000000,4.04E+07
881,40000000,2.43E+08
10877,50000000,8.00E+07
9600,30000000,1.74E+08
71469,30000000,6.46E+07
85446,33000000,1.41E+08
326,33000000,6.20E+07
7220,33000000,5.47E+07
9763,30000000,2.76E+07
72387,30000000,4.04E+07
1892,32350000,5.73E+08
13460,30000000,2.22E+07
8055,32000000,1.13E+08
50647,35000000,2.42E+07
10719,32000000,1.73E+08
9294,32000000,1.52E+08
9353,32000000,8.02E+07
55721,32500000,2.88E+08
109414,32000000,1.26E+08
10307,29000000,5.00E+07
11978,32000000,4.88E+07
22907,32000000,6.91E+07
87567,35000000,2.18E+07
38322,32000000,8.36E+07
45612,32000000,1.47E+08
7305,32000000,3.67E+07
3594,30000000,7.76E+07
157841,33000000,9.50E+06
11519,35000000,3.18E+07
59,32000000,6.07E+07
9335,32000000,8.52E+07
12106,32000000,1.86E+07
11141,28000000,3.00E+07
31867,32000000,1.84E+07
10253,70000000,5.36E+07
124459,30000000,2.74E+07
24662,32000000,3.57E+06
182,32000000,5.92E+06
28,31500000,8.95E+07
38073,32000000,4.21E+07
302156,31500000,1.47E+07
606,31000000,1.29E+08
87502,31000000,1.62E+08
698,34000000,2.10E+08
120467,30000000,1.75E+08
11313,31000000,2.42E+07
6488,31000000,5.32E+07
10559,31000000,6.81E+07
296099,31000000,1.04E+08
8012,30250000,1.15E+08
1574,45000000,3.07E+08
9032,34200000,2.35E+08
2770,30000000,2.88E+08
862,30000000,3.74E+08
1637,30000000,3.50E+08
72570,30000000,1.96E+08
27569,31000000,1.51E+07
10637,30000000,1.37E+08
1669,30000000,1.99E+08
132363,25000000,1.16E+08
9472,20000000,1.68E+08
2907,30000000,1.92E+08
9273,30000000,2.12E+08
9880,37000000,1.65E+08
2925,26000000,1.16E+08
807,33000000,3.27E+08
17654,30000000,2.11E+08
11836,30000000,1.40E+08
322,25000000,1.57E+08
70,30000000,2.17E+08
9535,80000000,1.77E+08
11036,29000000,1.16E+08
6557,30000000,1.60E+08
18126,35000000,1.56E+08
16340,30,1.03E+02
10333,30000000,7.48E+07
4476,30000000,1.61E+08
22947,25000000,1.64E+08
2755,30000000,1.06E+08
82654,35000000,1.17E+08
59967,30000000,4.70E+07
9598,30000000,2.54E+08
82696,30000000,1.14E+08
9870,30000000,1.05E+08
8292,45000000,9.24E+07
8780,30000000,6.38E+07
10521,30000000,1.15E+08
10762,19000000,6.96E+07
10096,37000000,9.65E+07
59436,30000000,1.51E+08
4133,53000000,8.33E+07
10207,80000000,1.19E+08
172,30000000,7.02E+07
36593,30000000,5.11E+07
707,30000000,1.52E+08
533,30000000,1.93E+08
6023,30000000,1.57E+08
6439,30000000,9.38E+07
4347,30000000,1.29E+08
4105,30000000,4.59E+07
76489,30000000,5.48E+07
3933,40000000,1.17E+08
273481,30000000,8.40E+07
307081,30000000,9.17E+07
16871,30000000,9.08E+07
293863,25000000,6.57E+07
41233,30000000,1.59E+08
9266,25000000,5.18E+07
1262,30000000,5.37E+07
4513,30000000,7.55E+07
22970,30000000,6.65E+07
7278,30000000,8.47E+07
9013,30000000,3.84E+07
865,27000000,3.81E+07
10776,25000000,3.88E+07
50456,30000000,6.38E+07
9823,30000000,5.14E+07
59861,30000000,3.62E+07
133805,30000000,8.24E+07
12763,30000000,3.47E+07
9766,30000000,4.15E+07
12244,30000000,4.84E+07
109421,30000000,6.34E+07
51162,30000000,1.45E+07
10152,19000000,3.93E+07
9452,30000000,2.92E+07
9271,30000000,2.41E+07
48340,30000000,1.09E+08
14846,35000000,2.20E+07
72207,30000000,5.39E+07
16232,30000000,2.18E+07
43539,30000000,5.12E+07
9920,30000000,3.11E+07
8978,30000000,3.53E+07
11702,30000000,1.92E+07
18550,25000000,1.72E+07
43347,30000000,1.03E+08
3489,30000000,1.69E+07
9701,35000000,2.52E+07
2122,40000000,2.62E+07
10658,37000000,3.80E+07
13150,30000000,3.12E+07
9042,30000000,1.50E+07
17813,30000000,1.54E+07
11208,30000000,1.30E+07
58151,17000000,2.49E+07
11400,30000000,3.05E+07
11058,25000000,3.01E+07
14844,23000000,1.20E+01
57089,30000000,1.35E+07
1947,30000000,1.86E+07
8054,30000000,6.44E+07
46829,30000000,8.45E+06
146238,30000000,6.26E+07
9989,30000000,1.82E+07
9665,18000000,2.68E+07
13967,30000000,3.51E+07
9053,21000000,4.80E+05
4512,30000000,1.47E+07
76349,30000000,1.08E+05
45610,30000000,2.53E+06
223702,19000000,1.41E+08
254470,29000000,2.88E+08
69,28000000,1.86E+08
4967,30000000,3.70E+07
4912,30000000,3.30E+07
12771,29000000,1.69E+07
323676,29000000,7.86E+07
11249,12000000,2.48E+07
9667,29000000,2.11E+07
812,28000000,5.04E+08
277216,28000000,2.02E+08
87,28000000,3.33E+08
14444,30000000,1.01E+08
2043,60000000,1.05E+08
315664,29000000,4.89E+07
1428,29000000,9.82E+07
562,28000000,1.41E+08
15373,28000000,9.24E+07
318846,28000000,1.33E+08
14292,28000000,6.45E+07
924,28000000,1.02E+08
2018,35000000,9.47E+07
192577,30000000,1.71E+07
9428,21000000,7.14E+07
2832,30000000,9.03E+07
137093,28000000,1.34E+08
699,28000000,1.95E+08
9778,28000000,7.75E+07
8831,27000000,1.02E+08
9398,28000000,6.08E+07
112949,28000000,9.76E+07
10439,28000000,3.95E+07
3638,28000000,9.26E+07
23483,28000000,9.62E+07
62206,28000000,4.06E+07
10577,28000000,3.30E+07
218778,28000000,1.01E+08
4348,28000000,1.21E+08
78,28000000,3.31E+07
11780,28000000,3.16E+07
192102,28000000,5.26E+07
2001,21000000,5.49E+07
11516,35866397,2.02E+07
10025,28000000,3.82E+07
15198,28000000,8.89E+06
23172,28000000,4.52E+07
17834,28000000,8.35E+06
10016,28000000,1.40E+07
10317,28000000,7.00E+06
58431,28000000,1.64E+07
9746,28000000,5.69E+06
13092,27000000,1.73E+07
59859,28000000,6.07E+07
13495,24000000,2.33E+07
254473,28000000,6.89E+07
700,27500000,1.88E+08
4964,30000000,2.19E+08
10024,30000000,9.57E+07
13490,35000000,4.37E+07
15927,8000000,2.72E+07
1259,15000000,4.95E+07
5125,27500000,2.48E+07
174,27000000,9.69E+07
9437,27000000,6.05E+07
525,27000000,1.15E+08
10188,27000000,4.44E+07
245,27000000,1.29E+08
9825,27000000,5.69E+07
186,27000000,5.63E+07
9549,27000000,2.15E+07
61891,30000000,1.54E+07
34584,27000000,2.02E+07
2666,27000000,2.72E+07
13155,25000000,1.11E+07
42807,27000000,7.60E+07
28355,27000000,2.90E+07
8080,27000000,1.30E+07
56288,27000000,8.56E+07
303858,27000000,9.33E+07
1613,28,1.40E+01
16617,27000000,2.12E+07
8944,25000000,6.67E+06
14560,26000000,1.83E+08
10330,26000000,1.10E+08
6957,26000000,1.09E+08
1934,25000000,2.89E+08
169917,28000000,5.32E+07
951,15000000,2.02E+08
10189,27000000,1.02E+08
9454,26000000,6.57E+07
2055,22000000,6.83E+07
1551,26000000,6.15E+07
5902,22000000,5.08E+07
11460,26000000,5.79E+07
9358,26000000,9.04E+07
134,26000000,7.19E+07
22894,26000000,6.79E+07
134374,25000000,8.62E+07
15028,26000000,3.88E+07
7445,26000000,4.33E+07
17047,26000000,2.88E+07
62838,56000000,1.42E+08
2057,42000000,3.54E+07
70436,26000000,2.97E+07
16784,30000000,1.40E+07
8011,26000000,3.68E+07
36355,25530000,2.01E+07
238615,26000000,3.05E+07
1985,25000000,8.25E+07
615,30000000,6.12E+08
788,25000000,4.41E+08
380,25000000,4.13E+08
13223,33000000,2.70E+08
10523,25100000,2.95E+07
8681,25000000,2.27E+08
239571,26000000,3.59E+07
619,25000000,4.11E+08
424,22000000,3.21E+08
50014,25000000,1.24E+08
162903,28000000,8.56E+06
6466,30000000,1.15E+08
12589,25000000,8.09E+07
7191,25000000,1.71E+08
1497,25000000,7.80E+07
117,25000000,7.63E+07
6977,25000000,1.72E+08
168530,25000000,1.54E+08
634,25000000,2.82E+08
392,25000000,1.53E+08
10327,45000000,1.25E+08
88042,25000000,1.20E+08
41630,25000000,1.48E+08
11969,25000000,5.65E+07
2085,25000000,9.10E+07
794,2800000,6.09E+07
9286,25000000,1.18E+08
77877,25000000,9.94E+07
1265,60000000,1.38E+08
866,25000000,1.17E+08
75174,25000000,7.73E+07
11096,25000000,1.23E+08
8699,26000000,9.06E+07
769,25000000,4.68E+07
10923,28000000,5.88E+07
11283,25000000,1.23E+08
111,25000000,6.59E+07
746,23000000,4.40E+07
77866,25000000,6.31E+07
7345,25000000,7.72E+07
12277,25000000,4.16E+07
9779,25000000,3.91E+07
2140,25000000,6.44E+07
12620,25000000,7.04E+07
14177,25000000,3.64E+07
198185,25000000,3.83E+07
227156,25000000,6.70E+07
11351,17000000,6.31E+07
10030,25000000,5.92E+07
10623,25000000,5.65E+07
590,25000000,4.16E+07
9655,20000000,3.39E+07
1268,25000000,2.30E+08
11237,20000000,7.10E+07
190955,25500000,2.42E+06
5123,25000000,6.61E+07
4518,30000000,8.22E+07
11932,25000000,5.07E+07
11165,25485000,2.96E+07
6116,25000000,1.00E+08
57431,25000000,3.49E+07
278,25000000,2.83E+07
9290,21150000,3.94E+07
11543,27000000,2.50E+07
284536,25000000,3.92E+07
152737,25000000,7.42E+07
13374,25000000,2.77E+07
8976,30000000,4.29E+07
319888,23000000,4.62E+07
9469,25000000,2.16E+07
1909,25000000,2.22E+07
22971,25000000,1.15E+08
34813,25000000,2.36E+07
46261,25000000,3.70E+07
10431,25000000,4.05E+07
8051,25000000,1.70E+07
9352,25000000,2.08E+07
15487,25000000,1.54E+07
22825,30000000,3.33E+07
1831,25000000,2.44E+07
43931,25000000,1.98E+07
10591,25000000,3.04E+07
10861,25000000,5.17E+07
276907,25000000,4.30E+07
65055,28000000,1.01E+07
10397,25,1.30E+01
200505,25000000,2.88E+07
60309,25000000,1.55E+07
9787,25000000,1.34E+07
293646,25000000,2.49E+07
6978,25000000,1.10E+07
59440,25000000,2.31E+07
1770,28000000,1.69E+07
8988,25000000,1.12E+07
15992,25000000,1.07E+07
17707,25000000,1.30E+07
77883,14000000,8.55E+07
40001,25000000,1.01E+07
64639,25000000,1.03E+07
9903,25000000,1.18E+07
20766,32000000,2.76E+07
24264,25000000,5.78E+06
9067,25000000,4.06E+06
8338,25000000,1.98E+07
168705,25000000,2.41E+06
72113,25000000,2.76E+07
22256,25000000,7.77E+05
12404,25000000,2.34E+06
152742,13500000,1.93E+07
11699,25000000,1.06E+07
48034,25000000,4.85E+07
36696,25000000,6.50E+06
109091,25000000,7.10E+07
33157,25000000,3.05E+06
859,14000000,3.47E+07
83770,25000000,8.78E+06
168,24000000,1.33E+08
1246,24000000,1.56E+08
4233,24000000,1.72E+08
174751,25000000,1.40E+06
184098,24000000,7.02E+07
2069,41300000,1.06E+08
1788,8200000,8.00E+07
11635,24000000,8.71E+07
177,24000000,4.19E+07
3600,65000000,4.00E+07
2621,24000000,3.66E+07
10358,24000000,4.21E+07
10313,24000000,6.87E+07
13476,17000000,1.70E+07
10208,24000000,1.63E+07
24961,24000000,2.11E+07
20697,24000000,1.24E+07
20761,24000000,8.43E+06
70868,24000000,3.06E+07
43593,24000000,8.32E+07
40688,24000000,4.56E+06
26672,28000000,6.69E+05
41283,24000000,2.31E+07
4935,24000000,2.35E+08
19908,23600000,1.02E+08
10663,23000000,1.86E+08
1891,18000000,5.38E+08
9737,19000000,1.41E+08
37137,23000000,8.69E+07
9532,23000000,5.33E+07
10316,12500000,7.60E+07
2787,23000000,5.32E+07
152601,23000000,4.74E+07
10866,23000000,3.66E+07
227707,25000000,6.40E+03
21349,23000000,1.87E+07
70435,23000000,3.34E+07
580,23000000,5.19E+07
20024,23000000,1.08E+07
2453,23000000,7.44E+06
6973,23000000,2.95E+07
22215,23000000,9.37E+06
11632,23000000,1.61E+07
30596,23000000,5.84E+06
3021,25000000,9.47E+07
957,22700000,3.81E+07
256917,22500000,1.55E+07
251,22000000,5.05E+08
544,23000000,3.70E+08
11395,22000000,1.90E+08
14635,20000000,7.56E+07
13680,22000000,1.48E+08
688,24000000,1.82E+08
11090,22000000,8.48E+07
783,22000000,7.77E+07
228194,22000000,8.89E+07
1642,22000000,1.11E+08
10950,22000000,9.25E+07
235260,22000000,6.78E+07
277,22000000,9.57E+07
8999,22000000,5.75E+07
11323,22000000,3.54E+07
11453,22000000,2.24E+07
146239,26000000,5.12E+07
10878,22000000,1.94E+07
82650,22000000,7.71E+07
2294,22000000,3.38E+07
2176,30000000,2.36E+07
270487,22000000,6.37E+07
204082,22000000,4.31E+07
24100,22000000,1.36E+07
5550,22000000,1.07E+07
287948,25000000,7.26E+07
9075,21000000,2.62E+07
11661,22000000,1.77E+07
109513,2000000,1.44E+07
204922,22000000,1.55E+07
38985,22000000,1.20E+07
44113,22000000,9.48E+06
164457,22000000,1.54E+07
4566,25000000,9.30E+07
153158,22000000,2.40E+07
81836,17000000,7.32E+07
10724,18000000,7.07E+07
2196,9000000,4.60E+01
1499,21000000,4.20E+07
20857,32000000,4.02E+07
82693,21000000,2.06E+08
1646,21000000,4.12E+07
4108,21000000,4.39E+07
8456,20000000,4.16E+07
7341,21000000,1.78E+07
19255,17000000,1.49E+07
10187,21000000,1.76E+07
31005,21000000,1.00E+07
50780,21000000,9.71E+05
16363,35000000,6.97E+07
1946,15000000,2.86E+06
85,18000000,3.90E+08
772,18000000,3.59E+08
840,20000000,3.04E+08
9682,38000000,2.99E+07
96,20000000,3.00E+08
10678,20000000,1.33E+08
274,19000000,2.73E+08
8872,20000000,1.22E+08
16290,20000000,1.17E+08
579,20000000,1.88E+08
14405,20000000,1.49E+08
138843,13000000,3.18E+08
11637,32000000,9.79E+07
226486,20000000,1.01E+08
1584,35000000,1.31E+08
9312,18000000,1.22E+08
12153,37000000,1.13E+08
65057,20000000,1.77E+08
76203,20000000,1.87E+08
13497,20000000,5.76E+07
35688,20000000,6.01E+07
162,20000000,5.30E+07
296096,20000000,2.08E+08
1051,1800000,4.12E+07
376659,20000000,1.84E+08
10073,20000000,4.86E+07
16690,20000000,1.10E+08
273895,20000000,6.68E+07
14873,20000000,1.36E+08
8968,20000000,6.72E+07
9963,20000000,8.42E+07
15655,30000000,4.56E+07
21208,20000000,4.16E+07
272878,20000000,4.40E+07
9760,20000000,8.69E+07
314365,20000000,8.84E+07
13279,20000000,2.76E+07
1975,20000000,3.91E+07
33644,20000000,3.77E+07
9895,20000000,4.12E+07
9570,20000000,3.58E+07
27579,20000000,6.55E+07
16052,20000000,6.00E+07
40264,20000000,8.06E+07
1164,25000000,1.35E+08
239678,19800000,4.13E+07
14359,20000000,5.09E+07
3989,32000000,5.09E+07
76617,20000000,4.72E+07
4258,20000000,7.84E+07
20391,20000000,3.17E+07
10139,20000000,5.46E+07
335778,20000000,4.61E+07
9645,35000000,6.84E+07
55465,19000000,3.54E+07
617,20000000,6.72E+07
48289,20000000,4.56E+07
243,30000000,4.71E+07
8848,20000000,6.48E+07
38,20000000,7.23E+07
38303,20000000,3.20E+07
1266,20000000,6.56E+07
107985,20000000,4.61E+07
19901,20000000,5.14E+07
34016,20000000,4.98E+07
59860,20000000,1.74E+07
10069,9000000,2.71E+07
12819,20000000,3.93E+07
9954,20000000,3.76E+07
25132,40000000,2.90E+07
577,20000000,2.13E+07
328387,20000000,8.37E+07
12690,20000000,2.02E+07
539,806948,3.20E+07
13596,20000000,3.66E+07
226857,20000000,3.41E+07
47941,20000000,2.30E+06
526,20000000,1.84E+07
22796,20000000,1.83E+07
2355,20000000,2.22E+07
5915,15000000,5.63E+07
9842,20000000,1.78E+07
61012,20000000,5.23E+07
755,19000000,2.58E+07
9470,20000000,1.01E+08
7979,20000000,7.33E+07
470,20000000,6.04E+07
15644,20000000,1.66E+07
9582,20000000,1.74E+07
22074,20000000,1.74E+07
2428,20000000,1.55E+07
290751,19500000,3.49E+07
13805,25000000,1.41E+07
4597,20000000,2.29E+07
9414,20000000,1.38E+07
63492,20000000,3.04E+07
81796,20000000,3.22E+07
15092,20000000,3.46E+07
15005,20000000,1.34E+07
8198,30000000,2.77E+07
6963,20000000,1.25E+07
15070,20000000,1.24E+07
17134,20000000,1.73E+07
41402,20000000,2.42E+07
146198,20000000,1.26E+07
2639,20000000,1.07E+07
295964,20000000,3.66E+07
11835,20000000,1.70E+07
14396,20000000,1.03E+07
15673,20000000,1.13E+07
42618,8000000,2.00E+07
171274,20000000,1.11E+07
109417,20000000,1.66E+07
13948,20000000,7.00E+06
106747,12000000,1.50E+07
256962,20000000,6.42E+06
48231,15000000,2.75E+07
3509,8700000,7.66E+06
12142,20000000,1.04E+07
23367,20000000,5.21E+06
241239,20000000,1.20E+07
3902,20000000,4.00E+06
77948,20000000,1.69E+07
21755,20000000,5.53E+06
128,26500000,1.59E+08
16608,2000000,5.05E+06
32316,20000000,1.68E+06
7299,20000000,5.36E+06
13405,40000000,7.40E+06
314385,10000000,3.73E+06
10448,20000000,3.05E+05
43935,20000000,4.63E+06
44638,20000000,3.47E+05
199373,27220000,5.50E+06
581,22000000,4.24E+08
52449,20000000,2.16E+08
12150,19000000,1.11E+08
11247,19000000,7.01E+07
4232,14000000,1.73E+08
694,19000000,4.40E+07
105,19000000,3.81E+08
11377,19000000,4.09E+07
41210,19000000,4.98E+07
12090,18000000,1.02E+08
62630,19100000,5.73E+06
29427,20000000,5.50E+07
129,15000000,2.75E+08
2669,25000000,8.61E+06
13523,19000000,1.88E+07
25195,19000000,2.99E+07
17277,19000000,4.75E+06
50725,19000000,6.93E+06
73191,19000000,2.12E+06
10065,19000000,1.08E+08
2757,19000000,3.28E+07
11683,15000000,4.68E+07
1878,18500000,1.07E+07
23082,18500000,3.19E+07
195589,18000000,2.68E+08
854,23000000,3.52E+08
2280,18000000,1.52E+08
496,18000000,2.62E+08
8835,18000000,1.42E+08
157,18000000,8.70E+07
8643,19000000,1.44E+08
10402,17000000,6.55E+07
218043,16000000,1.97E+07
21301,18000000,6.51E+07
10147,23000000,7.65E+07
816,16500000,6.77E+07
302688,18000000,8.89E+07
60307,21000000,7.24E+07
106,18000000,9.82E+07
279,18000000,5.20E+07
10625,17000000,1.29E+08
5279,19800000,8.78E+07
10013,18000000,4.14E+07
194662,18000000,1.03E+08
160588,18000000,9.92E+07
9829,15000000,7.63E+07
10028,18000000,6.27E+07
790,1000000,2.14E+07
43959,18000000,4.71E+07
10364,18000000,2.49E+07
9610,18000000,1.00E+08
1578,18000000,2.30E+07
25643,18000000,3.61E+07
44115,18000000,3.57E+07
10560,18000000,1.72E+07
333348,17000000,2.40E+07
20483,18000000,1.67E+07
321697,30000000,3.44E+07
38665,18000000,2.95E+06
2575,21000000,2.80E+07
11644,18000000,1.20E+07
146227,18000000,1.05E+07
68924,18000000,8.04E+06
253235,18000000,2.53E+07
10068,17000000,6.74E+06
848,18000000,1.41E+07
522,18000000,5.89E+06
130150,18000000,2.03E+07
12246,18000000,2.65E+07
13809,18000000,2.57E+07
33870,25000000,2.07E+07
245703,18000000,6.21E+06
127560,18000000,2.23E+07
10017,2700000,3.50E+06
11468,18000000,6.77E+05
193613,18000000,7.97E+06
17436,18000000,3.82E+05
43434,18000000,8.71E+05
8408,3500000,3.40E+07
9389,18000000,1.83E+06
9626,17900000,6.95E+06
75638,14000000,1.36E+07
8363,20000000,1.22E+08
8328,23000000,1.51E+08
10982,15000000,5.11E+07
205,17500000,3.80E+07
1620,24000000,1.00E+08
175541,17500000,7.02E+06
241254,18000000,2.67E+08
679,18500000,1.83E+08
11113,17000000,7.21E+07
3597,17000000,1.26E+08
193893,17000000,1.37E+08
9675,16000000,1.10E+08
9988,17500000,1.92E+07
948,300000,7.00E+07
146304,17000000,7.16E+07
7516,17000000,5.71E+07
41439,20000000,1.36E+08
9429,17000000,3.03E+07
38117,17000000,4.32E+07
9792,15000000,6.96E+07
13960,20000000,2.12E+07
114150,17000000,1.15E+08
26602,34000000,1.97E+07
26390,17000000,2.95E+07
27759,17000000,1.00E+07
109428,17000000,9.75E+07
23049,17000000,2.05E+07
9310,17000000,7.31E+06
11411,17000000,1.93E+07
7304,17000000,9.50E+06
1491,40000000,8.69E+07
2989,17000000,2.00E+06
10629,17000000,1.57E+06
255343,17000000,3.76E+06
4723,17000000,3.75E+05
25763,17000000,8.72E+06
79694,17000000,9.63E+06
18615,16800000,2.28E+06
10673,15000000,4.39E+07
4584,16500000,1.35E+08
2977,16500000,3.73E+07
10760,16500000,1.36E+07
11093,16500000,1.69E+07
207,16400000,2.36E+08
8467,16000000,2.47E+08
639,16000000,9.28E+07
24226,16000000,5.40E+07
9285,16000000,1.20E+08
74643,15000000,1.33E+08
13788,16000000,7.65E+07
83666,16000000,6.83E+07
318850,18500000,6.49E+06
1417,19000000,8.33E+07
16161,16000000,2.94E+07
49950,16000000,4.05E+07
10956,17700000,3.10E+07
9594,15000000,3.01E+07
4638,12000000,8.06E+07
13972,16000000,5.00E+07
5038,15000000,9.64E+07
10571,16000000,2.06E+07
19994,16000000,3.16E+07
25166,16000000,1.54E+07
12120,20000000,1.39E+07
9800,26000000,2.07E+08
1090,16000000,1.86E+07
18475,16000000,1.20E+01
9781,6500000,4.22E+06
8009,16000000,5.90E+06
3877,16000000,2.85E+06
8854,16000000,1.69E+06
152599,16000000,5.87E+06
68727,20000000,2.43E+07
12657,16000000,1.48E+07
8265,11000000,5.32E+07
34647,13000000,7.54E+05
28178,16000000,4.78E+07
264656,16000000,3.44E+06
18777,15500000,1.24E+06
90,15000000,3.16E+08
771,18000000,4.77E+08
9576,21000000,1.77E+08
744,15000000,3.57E+08
146,17000000,2.14E+08
14,15000000,3.56E+08
45269,15000000,4.14E+08
9493,15000000,2.17E+08
22556,15000000,3.17E+05
873,15000000,1.46E+08
33196,16000000,1.13E+07
205596,14000000,2.34E+08
16769,15000000,6.72E+07
33217,15000000,7.57E+07
132232,15000000,1.47E+08
11153,15000000,6.14E+07
208134,15000000,1.52E+08
1165,15000000,1.23E+08
4011,15000000,7.33E+07
17202,15000000,5.52E+07
65086,17000000,1.28E+08
10053,15000000,6.70E+07
11870,15000000,5.30E+07
11778,15000000,5.00E+07
586,15000000,6.43E+07
18736,17000000,5.55E+07
134411,35000000,4.29E+07
287903,15000000,6.16E+07
9276,15000000,4.03E+07
2142,15000000,4.49E+07
11397,16000000,6.65E+07
77016,7000000,4.81E+07
11478,15000000,3.50E+07
266856,15000000,1.24E+08
10564,15000000,3.38E+07
947,15000000,7.00E+07
24150,15000000,3.94E+07
228970,15000000,5.25E+07
18405,15000000,3.27E+07
6961,15000000,4.72E+07
11442,13000000,3.77E+07
2493,16000000,3.09E+07
14047,15000000,3.02E+07
64690,15000000,7.81E+07
11132,15000000,2.93E+07
17127,15000000,4.69E+07
1562,15000000,6.42E+07
232679,15000000,3.01E+07
17880,14000000,3.27E+07
14736,20000000,2.77E+07
23706,15000000,4.01E+07
9100,15000000,2.48E+07
116,15000000,8.53E+07
1245,11500000,2.32E+07
4995,15000000,4.31E+07
14012,15000000,2.10E+07
12212,14000000,3.86E+07
8975,20000000,2.22E+07
342521,15000000,2.06E+07
45272,15000000,2.05E+07
9424,15000000,1.75E+07
97367,15000000,3.55E+07
254904,15000000,3.26E+07
12162,15000000,4.20E+07
11495,15000000,1.71E+07
64689,15000000,3.79E+07
157849,15000000,3.16E+07
37003,15000000,2.27E+07
12211,25000000,1.58E+07
51828,15000000,5.94E+07
22798,15000000,1.66E+07
7501,15000000,1.20E+07
97430,15000000,1.56E+07
12257,15000000,1.04E+07
14024,15000000,1.49E+07
115,15000000,4.62E+07
7874,15000000,1.09E+07
4911,15000000,9.24E+06
1988,16000000,1.89E+07
16222,15000000,9.90E+06
9557,20000000,8.59E+06
8321,15000000,3.45E+07
10186,15000000,8.76E+06
25704,15000000,6.41E+06
133694,15000000,8.14E+06
19265,15000000,3.51E+07
36047,15000000,5.22E+06
8053,15000000,1.20E+07
5236,15000000,1.58E+07
6552,25000000,4.15E+06
1018,15000000,2.01E+07
42188,15000000,9.46E+06
6687,15000000,5.93E+06
8461,15000000,7.94E+06
19,92620000,6.50E+05
10045,12000000,9.58E+06
400,8000000,5.30E+05
253450,15000000,6.33E+05
16353,8500000,8.94E+06
23759,12000000,6.82E+06
24206,15000000,7.64E+04
10185,15000000,3.53E+06
31668,15000000,2.30E+04
13501,15000000,2.04E+04
172391,20000000,2.72E+07
137,14600000,7.09E+07
264999,14800000,1.23E+08
454,14500000,1.47E+08
53457,10000000,1.75E+07
33,14000000,1.59E+08
1951,14200000,6.75E+05
12405,15000000,3.78E+08
10998,14000000,3.20E+08
114,14000000,4.63E+08
2604,14000000,1.61E+08
864,14000000,1.55E+08
14435,15000000,1.01E+08
1931,13000000,7.55E+07
691,14000000,1.85E+08
9877,14000000,7.25E+07
12227,14000000,3.48E+07
71688,13000000,1.15E+08
8291,14000000,2.75E+07
13950,14000000,2.55E+07
12158,14000000,1.98E+07
11586,14000000,3.08E+07
12403,14000000,2.29E+07
34563,14000000,2.14E+07
10368,12000000,2.10E+07
14434,11000000,1.32E+07
11470,11000000,1.70E+07
24940,14000000,1.04E+07
82679,14000000,1.14E+07
2013,14000000,1.98E+07
1440,26000000,1.48E+07
18041,14000000,5.11E+06
87729,14000000,2.47E+06
44754,14000000,4.65E+04
43949,14000000,1.76E+06
142,14000000,1.78E+08
10712,13500000,2.90E+07
243938,14000000,1.23E+07
10876,13500000,7.06E+06
86838,15000000,1.94E+07
613,18339750,9.22E+07
1913,12806000,3.85E+07
97370,13300000,5.38E+06
801,13000000,1.24E+08
70829,13400000,1.67E+07
54518,13000000,9.84E+07
44214,13000000,3.28E+08
240,13000000,4.75E+07
9816,13000000,9.10E+07
10131,7000000,7.25E+07
339984,16000000,7.70E+07
8859,13000000,7.32E+07
11967,13000000,4.47E+07
239563,13000000,5.48E+07
222899,12500000,4.90E+07
4951,16000000,5.35E+07
332567,17000000,1.19E+08
1954,13000000,9.61E+07
22345,12000000,3.65E+07
9448,13000000,2.70E+07
11186,13000000,3.58E+07
136835,13200000,5.38E+07
5876,18000000,5.71E+07
264660,15000000,3.69E+07
492,13000000,2.29E+07
238603,13000000,4.53E+07
10691,13000000,1.69E+07
1251,19000000,6.87E+07
5172,13000000,1.11E+07
58680,13000000,8.03E+06
264644,6000000,3.54E+07
11592,13000000,7.82E+06
16406,13000000,2.75E+07
3682,13000000,1.68E+07
107811,13000000,4.81E+07
2266,13000000,4.86E+06
144340,13000000,1.80E+07
28211,15000000,8.46E+06
47502,13000000,9.79E+06
9950,13000000,2.64E+06
84892,13000000,3.34E+07
24227,3000000,1.20E+06
9672,13000000,1.15E+06
157544,13000000,1.79E+06
59678,14350531,3.97E+06
79777,10000000,3.04E+05
158011,13000000,6.86E+07
8952,13000000,1.07E+07
62204,12000000,5.53E+07
13435,12500000,2.34E+07
319,12500000,1.23E+07
9504,12500000,1.07E+07
26688,12500000,2.72E+07
6615,12000000,1.13E+07
14574,12500000,2.04E+07
16,12800000,4.00E+07
21612,12500000,1.23E+06
36691,15000000,5.03E+06
23631,20000000,3.13E+07
45324,12500000,1.08E+06
12144,12300000,8.45E+07
56601,12500000,3.88E+06
9552,8000000,4.41E+08
578,7000000,4.71E+08
2105,11000000,2.36E+08
126319,12516654,8.11E+06
10136,25000000,7.98E+07
67660,12000000,9.61E+07
10611,12000000,7.58E+07
154,12000000,9.68E+07
3049,15000000,1.07E+08
860,12000000,7.96E+07
9281,12000000,6.87E+07
75674,12000000,8.13E+07
9762,12000000,1.14E+08
184,12000000,3.97E+07
13335,12000000,4.35E+07
76726,15000000,1.45E+08
10269,12000000,3.04E+07
36819,5000000,4.24E+07
17130,12000000,6.11E+07
57214,12000000,1.00E+08
11202,12000000,8.98E+07
9357,12000000,5.22E+07
13812,12000000,4.09E+07
9030,12000000,5.63E+07
19084,12000000,3.12E+07
8386,12000000,3.12E+07
1360,12000000,5.63E+07
101267,12000000,3.27E+07
222935,12000000,3.07E+08
10220,12000000,2.29E+07
31915,12000000,5.40E+07
11601,12000000,2.11E+07
205220,12000000,1.00E+08
14191,12000000,2.30E+07
286565,12000000,8.55E+07
129670,12000000,1.77E+07
34549,12000000,1.73E+07
57157,12000000,2.29E+07
1948,12000000,4.29E+07
46889,12000000,1.29E+07
387,14000000,8.50E+07
60599,12000000,3.55E+07
227719,12000000,3.23E+07
12088,8000000,6.74E+06
14799,12000000,5.54E+06
7510,12000000,6.76E+06
31246,12000000,4.92E+06
61752,12000000,4.94E+06
10944,12000000,2.30E+01
10362,12000000,3.15E+06
1255,11000000,8.85E+07
179144,12400000,8.37E+06
86825,12000000,1.21E+07
844,12000000,1.93E+07
38448,12000000,1.65E+06
327,12000000,1.53E+07
21345,12000000,1.07E+07
173931,19000000,2.57E+06
61984,12000000,1.12E+07
50601,20000000,1.75E+04
236751,12000000,1.01E+08
107,10000000,8.36E+07
8913,11500000,5.75E+07
927,11000000,1.53E+08
11,11000000,7.75E+08
291870,11500000,9.41E+07
907,11000000,1.12E+08
45317,25000000,9.36E+07
12094,11000000,7.28E+07
10377,11000000,6.41E+07
249164,11000000,7.89E+07
9942,11000000,4.98E+07
1817,13000000,9.78E+07
10229,11000000,4.12E+07
687,11000000,3.94E+07
796,10500000,7.59E+07
22804,11000000,6.82E+07
10156,11000000,3.17E+07
12837,11000000,3.81E+07
17708,11000000,2.40E+07
13937,12000000,3.72E+07
28932,11,1.10E+01
31909,12000000,4.89E+06
167073,11000000,6.21E+07
3175,11000000,2.00E+07
14369,24000000,1.48E+07
16888,24000000,1.37E+07
121826,11000000,5.95E+07
10646,11000000,2.34E+07
12149,11000000,1.31E+07
304357,11000000,6.16E+07
20009,14000000,6.41E+06
1587,11000000,3.00E+07
30973,10000000,4.07E+06
63020,11000000,2.83E+06
86829,11000000,3.29E+07
13888,11000000,2.81E+06
42345,11000000,2.20E+06
11917,10800000,1.14E+08
14395,7400000,1.70E+07
24137,14000000,1.85E+07
62,10500000,6.87E+07
601,10500000,7.93E+08
13067,10000000,1.75E+07
88641,10500000,1.24E+05
96399,12000000,9.62E+06
489,10000000,2.26E+08
214,10000000,1.64E+08
10890,10000000,8.53E+07
1588,28000000,9.05E+07
316727,10000000,1.19E+08
10314,10000000,1.03E+08
663,10000000,1.39E+08
11804,10000000,9.12E+07
16781,6000000,5.72E+07
11873,13800000,5.23E+07
9289,10000000,5.01E+07
10414,10000000,5.08E+07
1970,10000000,1.84E+08
9614,12000000,4.12E+07
8922,10000000,5.92E+07
1648,10000000,4.05E+07
17917,10000000,3.74E+07
74534,10000000,1.37E+08
19405,10000000,4.45E+07
9355,12305523,3.62E+07
10999,10000000,5.75E+07
321258,10000000,6.42E+07
44040,10000000,3.36E+07
10426,20000000,3.35E+07
280092,10000000,1.04E+08
13938,10000000,2.58E+07
10163,10000000,3.21E+07
12182,9000000,3.30E+07
1832,10000000,3.07E+07
15301,10000000,2.95E+07
10135,15000000,3.01E+07
26352,10000000,2.94E+07
20616,8500000,3.44E+07
9794,12000000,3.84E+07
15037,10000000,2.56E+07
227,10000000,3.37E+07
294272,65000000,1.44E+08
11336,10000000,2.08E+07
283445,10000000,5.29E+07
88036,14000000,2.46E+07
22824,10000000,4.23E+07
11545,9000000,1.71E+07
42684,10000000,6.68E+07
268238,10000000,8.60E+07
41823,10000000,1.62E+07
9362,11000000,4.86E+07
9902,12600000,2.87E+07
14729,10000000,1.58E+07
9455,25000000,1.52E+07
103731,10000000,2.16E+07
10090,10000000,2.03E+07
75900,6400000,3.51E+07
9515,10000000,1.73E+07
328425,5000000,5.90E+07
1542,10000000,1.28E+07
10490,10000000,1.06E+07
87093,10000000,2.89E+07
10029,30000000,9.90E+06
11507,10000000,8.80E+06
37931,10000000,6.11E+06
87818,6000000,3.24E+07
88005,10000000,9.64E+06
73,20000000,2.39E+07
14283,18000000,9.50E+06
209403,9500000,7.80E+06
7942,10000000,3.30E+07
73247,10000000,2.16E+06
253331,9000000,2.16E+07
9952,10000000,7.18E+06
256924,10000000,1.08E+07
82532,10000000,4.42E+06
2088,11500000,3.28E+06
10388,10000000,3.19E+06
1640,6500000,9.84E+07
25520,10000000,5.16E+06
329440,10000000,4.01E+07
47890,14000000,4.40E+05
252512,10000000,7.59E+06
55720,10000000,1.76E+06
29076,10000000,1.63E+06
68812,20000000,1.97E+06
73567,10000000,3.67E+06
41479,10000000,7.02E+06
1989,10000000,2.18E+07
12779,10000000,5.99E+05
13191,5000000,1.30E+06
101173,7700000,1.07E+06
20178,10000000,2.96E+05
78149,10000000,4.58E+04
245846,10000000,1.75E+04
25186,10000000,9.07E+03
217708,10,1.10E+01
78383,10,1.00E+07
16614,9500000,1.72E+07
9700,9600000,4.39E+06
10471,11000000,5.98E+07
667,9500000,1.12E+08
86837,8900000,1.98E+07
10306,10500000,1.41E+07
11576,9400000,6.00E+07
219,12899867,8.56E+07
62215,7400000,2.18E+07
348,11000000,1.05E+08
30497,85000,3.09E+07
27586,10000000,3.00E+06
14811,9000000,8.33E+07
660,5500000,1.41E+08
40794,7000000,8.22E+06
9400,9000000,4.16E+07
16162,9000000,3.46E+07
10585,9000000,4.42E+07
2359,9000000,2.45E+07
238636,9000000,1.09E+08
11282,9000000,2.39E+07
14181,26000000,2.88E+07
1621,40600000,9.04E+07
9656,9000000,2.15E+07
1619,8500000,1.91E+07
9685,9000000,4.78E+06
14425,9000000,4.35E+06
15568,9000000,2.96E+06
67675,9000000,1.87E+07
250349,6000000,1.44E+07
39806,9000000,7.72E+05
15699,5000000,1.41E+05
17926,9000000,1.05E+06
9671,5000000,3.28E+08
13483,86000000,1.44E+07
1547,8500000,3.22E+07
25196,7000000,3.95E+07
16323,9250000,2.92E+07
175528,8500000,2.25E+07
8069,9000000,2.50E+06
16727,12000000,2.01E+07
272693,8500000,4.35E+07
10696,22000000,5.27E+06
29963,8500000,4.44E+06
26022,12000000,4.24E+07
152747,9000000,6.11E+06
62676,8000000,2.00E+06
1116,6500000,2.29E+07
185008,7700000,4.60E+07
11620,8250000,3.00E+07
680,8000000,2.14E+08
242582,8500000,3.87E+07
11217,8500000,5.00E+06
15121,8200000,2.86E+08
2619,8000000,6.98E+07
773,8000000,1.01E+08
235,8000000,5.23E+07
170,5000000,8.27E+07
10734,8000000,4.30E+07
37964,8000000,2.74E+07
40807,8000000,3.92E+07
225565,8000000,2.61E+07
668,6500000,8.20E+07
11596,14000000,1.81E+07
14429,8000000,2.26E+07
13751,8000000,1.90E+07
9490,8000000,1.75E+07
14536,8000000,2.90E+07
1359,7000000,3.43E+07
9962,8000000,1.69E+07
15049,8000000,1.27E+07
22821,8000000,1.06E+07
37735,8000000,7.50E+07
10873,8000000,8.28E+06
51588,8000000,1.01E+07
291270,8000000,5.66E+06
44009,8000000,1.81E+07
13154,8000000,2.28E+06
43923,8000000,6.49E+06
26306,8000000,5.89E+05
198277,8000000,6.35E+07
7870,8000000,8.53E+05
13072,8000000,4.58E+05
10288,8000000,4.26E+05
44147,8000000,3.45E+06
13197,8000000,1.44E+05
251321,8000000,5.31E+04
149,8000000,5.53E+05
10425,22000000,4.14E+05
49081,8000000,2.02E+06
302,7800000,2.24E+07
403,7500000,1.46E+08
33542,7500000,3.24E+07
9388,6500000,2.48E+07
1691,10200000,3.56E+07
24684,7500000,2.61E+07
2610,10284523,1.16E+07
11022,6500000,1.26E+07
34341,7500000,4.25E+06
36046,7500000,3.35E+06
12569,8000000,1.09E+07
73873,8000000,5.64E+06
7735,7500000,1.90E+07
301365,7000000,1.33E+06
25941,7300000,1.03E+07
7326,7500000,2.31E+08
681,7200000,1.16E+08
238,6000000,2.45E+08
535,4000000,9.29E+07
19913,7500000,6.07E+07
713,7000000,1.17E+08
77930,7000000,1.67E+08
253,7000000,1.62E+08
57119,6600000,3.77E+07
3291,7000000,5.46E+07
398,7000000,4.91E+07
8068,7000000,2.54E+07
10803,9000000,2.50E+07
682,7000000,9.76E+07
10117,7000000,2.03E+07
79316,7000000,3.64E+07
2074,7000000,1.47E+07
308639,700000,1.80E+07
22314,7000000,1.40E+07
2662,7000000,1.68E+07
12573,7000000,3.14E+07
241771,7000000,1.46E+07
11051,7000000,8.37E+06
14578,7000000,7.29E+06
13006,7,5.00E+00
16651,7000000,4.72E+06
4251,7000000,2.94E+07
14112,7000000,2.06E+06
71859,7000000,6.04E+06
33676,7000000,1.25E+06
30128,7000000,1.43E+06
44835,7000000,3.83E+05
306745,7000000,5.73E+05
47088,7000000,4.53E+05
110402,7000000,1.31E+06
27004,7000000,4.65E+04
8374,6000000,3.05E+04
164372,7000000,1.24E+07
13001,7000000,8.90E+06
9571,6900000,7.99E+06
82505,6900000,4.43E+07
46738,6800000,7.10E+06
250546,6500000,2.55E+08
38415,7,7.00E+00
650,6500000,5.75E+07
16620,6500000,5.42E+07
11033,6500000,3.19E+07
9430,6500000,2.85E+07
8998,6500000,1.34E+07
10514,6500000,1.24E+07
76025,6500000,1.77E+07
4836,6500000,1.19E+07
14631,6500000,2.03E+06
87499,6500000,2.40E+06
18923,6500000,1.55E+06
28089,6500000,1.52E+06
218,6400000,7.84E+07
338,4800000,7.94E+07
10925,4000000,1.42E+07
2293,6000000,2.12E+06
621,6000000,1.82E+08
792,6000000,1.39E+08
1777,6000000,1.19E+08
642,6000000,1.02E+08
433,6000000,1.02E+08
1725,6000000,4.37E+07
11977,6000000,3.99E+07
16158,6000000,2.51E+07
629,6000000,2.33E+07
10160,8000000,2.22E+07
11452,5000000,3.83E+07
12163,6000000,4.47E+07
32275,6000000,2.04E+07
1103,6000000,5.02E+07
14144,6000000,1.82E+07
10622,12716953,1.88E+07
13370,6000000,1.88E+07
10215,6000000,5.80E+07
25066,6000000,1.20E+07
1523,6000000,4.80E+07
11361,5000000,1.16E+07
92591,5000000,9.21E+06
57612,6000000,7.52E+06
15256,6000000,6.85E+06
83686,6000000,1.32E+07
28053,6000000,6.67E+06
67913,6000000,1.96E+07
13991,7000000,6.23E+06
1443,6000000,1.04E+07
231576,5500000,5.48E+06
16172,6000000,4.40E+06
15797,6000000,3.28E+06
13537,6000000,2.95E+06
20794,6000000,2.03E+06
576,6244087,6.39E+05
13990,6000000,2.90E+06
27549,6000000,8.69E+05
59728,6000000,4.00E+05
58882,134005,1.33E+06
13827,6000000,6.95E+04
97614,12000000,6.64E+04
837,5952000,2.12E+06
1555,5300000,3.90E+06
244783,6000000,3.23E+04
16564,4000000,5.30E+05
3482,5800000,6.80E+06
8982,6000000,2.72E+07
455,3500159,7.66E+07
14351,5800000,7.00E+06
10664,5600000,1.85E+07
9277,5500000,1.60E+08
9443,5500000,5.90E+07
11901,5500000,1.57E+07
33155,5500000,4.87E+06
321,4361898,3.03E+06
4997,5000000,2.47E+06
925,6500000,3.73E+07
7913,2200000,1.15E+07
230266,5500000,5.00E+06
215,4000000,1.53E+08
333371,15000000,1.08E+08
9012,5000000,6.43E+07
345911,4900000,4.41E+07
72571,5000000,2.06E+08
242512,5000000,1.04E+08
10072,5000000,4.48E+07
211954,5500000,9.91E+07
82990,5000000,1.43E+08
29912,4100000,3.60E+07
11843,5000000,4.18E+07
11284,11000000,3.49E+07
504,8000000,6.04E+07
173,5000000,2.82E+07
227348,5000000,8.64E+07
1955,5000000,2.60E+07
152532,5000000,5.52E+07
243940,3300000,6.41E+07
77,9000000,3.97E+07
157547,5000000,4.40E+07
2295,5000000,2.69E+07
71,5000000,1.10E+08
147773,4600000,2.32E+07
24266,3500000,2.07E+07
59968,10000000,1.73E+07
323677,5000000,2.48E+07
256274,5000000,4.01E+07
284293,5000000,4.39E+07
24973,5000000,1.50E+07
21610,5000000,1.99E+07
10283,5000000,1.40E+07
8346,5000000,3.69E+08
122081,5000000,3.17E+07
10987,5000000,1.51E+07
1391,5000000,3.36E+07
747,4000000,3.00E+07
26748,5000000,1.33E+07
11357,5000000,1.78E+07
14854,5000000,1.22E+07
50357,5000000,2.56E+07
13090,5000000,1.62E+07
192141,5000000,5.44E+07
29996,5000000,1.22E+07
351819,20000000,2.12E+07
22649,4,2.50E+01
11042,8000000,3.43E+06
17339,5000000,7.23E+06
335,5000000,5.32E+06
15745,5000000,5.48E+06
17431,5000000,9.76E+06
78394,5000000,4.07E+06
10217,5000000,3.26E+06
46332,4000000,4.14E+07
13996,5000000,4.04E+06
1024,5000000,3.05E+06
343795,5000000,4.84E+06
45658,5000000,2.62E+06
16148,5000000,1.98E+06
4553,5000000,8.20E+06
245916,5000000,2.45E+06
27585,5000000,5.13E+06
1415,5000000,7.43E+05
313922,5000000,3.22E+06
199933,5000000,8.47E+05
13685,7000000,5.60E+05
46838,5000000,5.48E+06
298312,5000000,9.85E+07
11600,5000000,7.82E+05
31175,5000000,1.79E+07
12498,1000000,2.45E+07
77949,4798235,2.10E+05
1690,4800000,8.06E+07
64720,5000000,3.10E+06
16337,4700000,8.03E+06
11577,4638783,1.10E+07
77987,4800000,1.03E+07
9336,4500000,1.46E+08
5689,4500000,5.89E+07
712,6000000,2.55E+08
13342,4500000,2.71E+07
10339,4500000,1.04E+07
1429,15000000,1.31E+07
9303,4500000,7.01E+06
641,4500000,7.39E+06
252680,5000000,1.04E+07
141,6000000,1.27E+06
39800,4500000,7.45E+05
36419,4500000,3.61E+06
510,3000000,1.09E+08
375290,4500000,3.20E+07
116613,3730500,6.29E+06
1088,8000000,4.14E+07
3040,4200000,3.20E+07
11386,3705538,6.26E+07
10246,4000000,1.26E+08
10331,114000,3.00E+07
153,4000000,1.20E+08
703,4000000,3.83E+07
27191,4000000,3.60E+07
1365,4000000,4.49E+07
287424,4000000,1.87E+05
451,3600000,4.98E+07
241251,4000000,5.24E+07
40494,4000000,1.44E+07
39781,3500000,3.47E+07
8337,4000000,1.30E+07
5925,4000000,1.17E+07
146203,5000000,1.52E+07
85350,4000000,4.44E+07
512,4000000,3.16E+07
13408,7000000,1.02E+07
47816,6000000,9.00E+06
11536,4000000,8.20E+06
2370,4000000,6.00E+06
9809,4000000,4.63E+06
5,4000000,4.30E+06
11013,4000000,9.31E+06
10132,4000000,3.47E+06
8141,4000000,2.43E+06
48572,4000000,1.11E+06
14517,4000000,8.67E+05
157847,4000000,2.37E+06
25719,3000000,3.02E+05
48309,1300000,3.55E+05
44945,9500000,1.20E+05
111190,16000000,3.19E+05
54580,4000000,1.46E+05
52015,650000,3.32E+04
60422,4000000,3.56E+05
81390,4000000,2.53E+07
22301,3950000,8.00E+06
874,3900000,2.84E+07
10774,3800000,2.37E+07
770,4000000,4.00E+08
29715,3800000,1.49E+04
25209,3768785,8.00E+06
37495,967686,4.27E+06
34769,3500000,4.45E+04
35032,3700000,2.96E+06
8618,4000000,1.34E+07
3116,3600000,4.48E+07
9427,3500000,2.58E+08
813,3500000,8.35E+07
10634,3500000,2.82E+07
9516,3500000,2.79E+07
16288,3500000,1.40E+07
23330,3716946,5.00E+06
18900,3500000,1.30E+07
27029,3500000,1.28E+07
26268,3500000,1.20E+07
573,3500000,1.26E+07
310131,3500000,4.04E+07
11363,3500000,9.48E+06
3033,10000000,6.45E+06
25376,2000000,3.40E+07
765,3600000,5.92E+06
46146,3500000,4.16E+06
14256,3500000,1.14E+05
12535,3400000,3.11E+07
1667,8000000,1.27E+08
50839,3500000,1.95E+07
13973,3000000,3.83E+06
244786,3300000,1.31E+07
598,3300000,3.06E+07
11129,600000,4.00E+06
103663,3800000,1.68E+07
301748,3300000,4.50E+04
108346,2000000,7.00E+00
805,3200000,3.34E+07
11697,3200000,8.00E+06
55347,3200000,5.33E+06
8469,2700000,1.41E+08
658,2500000,1.25E+08
1585,3180000,9.64E+06
627,4000000,1.65E+07
41436,3000000,1.78E+08
1430,4000000,3.56E+07
10014,3000000,3.00E+07
11257,3000000,2.10E+07
158015,3000000,8.93E+07
82507,3000000,7.77E+07
20337,3000000,1.92E+07
261,3000000,1.76E+07
1685,3000000,1.90E+07
20737,3000000,2.31E+07
10991,16000000,6.84E+07
10225,3000000,1.95E+07
826,3000000,3.33E+07
34086,3000000,1.54E+07
5854,2000000,7.90E+06
284,3000000,2.50E+07
10285,3000000,1.59E+07
5780,3000000,1.30E+07
292,3000000,1.17E+07
22013,3000000,1.04E+07
821,3000000,1.00E+07
3089,3000000,9.01E+06
132344,3000000,1.12E+07
15158,3000000,7.28E+06
44634,3000000,6.80E+06
10557,3800000,2.82E+07
28005,3000000,4.11E+06
252,3000000,4.00E+06
18892,3000000,3.08E+06
549,2962051,3.01E+06
868,3000000,9.88E+06
10683,3000000,2.81E+06
246403,2800000,1.83E+06
670,3000000,1.50E+07
49010,3000000,7.49E+05
24469,3000000,2.36E+06
84174,3000000,1.20E+07
38541,3000000,2.20E+04
234212,3000000,3.39E+06
26039,2500000,3.20E+06
666,2900000,5.60E+06
248,2900000,5.00E+06
43942,3000000,1.04E+05
10476,8000000,2.36E+07
239,2883848,2.50E+07
10281,2800000,1.92E+07
630,2777000,3.38E+07
3034,2800000,8.63E+07
13025,2000000,5.37E+06
17264,2700000,3.78E+07
15875,2686000,6.60E+06
43306,2627000,5.36E+06
11072,2600000,1.20E+08
9730,2600000,3.30E+07
209274,2159280,1.07E+07
291,2600000,3.17E+06
14139,2600000,5.53E+05
872,2540800,7.20E+06
139038,2500000,6.01E+07
126509,2500000,3.34E+07
10676,2500000,1.44E+07
1687,2500000,1.24E+07
24748,2500000,1.00E+07
401,2500000,2.68E+07
76,2500000,5.54E+06
84329,2500000,3.33E+06
157386,2500000,6.86E+06
46849,2500000,7.19E+04
20764,2500000,1.08E+05
45132,2500000,3.24E+05
49471,2400000,5.73E+06
7512,30000000,4.95E+05
11798,2380000,8.18E+06
43546,2361000,6.89E+06
17820,2300000,1.10E+07
756,2280000,8.33E+07
9728,4000000,3.67E+07
9731,2200000,2.19E+07
43610,2160000,9.13E+06
887,2100000,2.37E+07
364083,2100000,3.33E+03
8329,1500000,3.05E+07
657,2000000,7.89E+07
11561,2000000,1.83E+07
270303,2000000,1.47E+07
11624,2000000,1.80E+07
595,2000000,1.31E+07
8810,2000000,2.46E+07
226,2000000,1.15E+07
92182,2000000,1.31E+07
582,2000000,7.00E+07
72213,1000000,3.45E+07
990,2000000,7.60E+06
55604,2000000,9.17E+06
9662,8000000,1.48E+06
80,2700000,1.60E+07
55,2000000,2.09E+07
11023,2000000,4.60E+06
33667,2000000,7.80E+06
39013,2000000,1.38E+07
43839,2000000,4.00E+06
44639,2000000,7.87E+06
301351,6000000,1.11E+07
7873,2000000,5.97E+06
331190,2000000,2.80E+06
15186,2000000,2.51E+06
1378,2000000,5.18E+06
8885,2000000,1.11E+07
48382,2000000,1.67E+06
12901,2000000,1.43E+06
250124,2000000,1.48E+06
12228,2000000,6.54E+05
42889,2000000,5.64E+05
10656,2000000,3.91E+05
24746,2000000,1.25E+05
12109,2000000,1.21E+05
27023,3800000,1.12E+05
273899,13500000,1.88E+05
20653,7000000,1.10E+06
28260,2000000,5.42E+04
13075,2000000,6.23E+05
115210,100000,9.50E+04
11302,2000000,1.18E+07
26388,1987650,1.92E+07
38358,1800000,6.77E+07
702,1800000,8.00E+06
935,1800000,9.44E+06
84175,1800000,2.11E+07
1705,1700000,8.85E+06
50875,2000000,8.42E+05
4929,1800000,6.80E+06
104,1530000,7.27E+06
10894,500000,1.50E+05
1688,1700000,9.70E+06
43947,2000000,5.73E+05
24066,1700000,1.94E+06
191714,1000000,4.24E+06
34106,1644736,7.43E+06
11426,1650000,3.05E+07
13909,1600000,5.40E+06
592,1600000,4.42E+06
10758,2000000,2.22E+07
11690,1500000,1.18E+07
3083,1500000,9.60E+06
9344,1500000,7.41E+06
10707,1500000,1.11E+07
15647,1000000,1.00E+07
4174,1500000,7.00E+06
9464,1500000,2.38E+06
49018,1500000,9.70E+07
13820,1500000,2.30E+06
17113,1500000,7.12E+05
129139,1500000,3.57E+06
507,1500000,4.19E+05
4012,1500000,4.17E+05
10972,1500000,3.74E+05
3082,1,8.50E+06
1961,1500000,1.73E+05
23963,1500000,3.20E+04
104755,1500000,1.17E+06
408,1488423,1.85E+08
39209,1455000,2.62E+06
100,1350000,3.90E+06
25784,1300000,6.39E+05
223,1288000,6.00E+06
9725,1250000,2.17E+07
28580,1250000,1.10E+07
23730,1250000,3.41E+06
19997,1250000,8.50E+06
43266,1250000,6.00E+06
176,1200000,1.04E+08
39939,3000000,1.85E+07
11219,1200000,7.00E+06
176124,1200000,2.86E+06
500,1200000,1.47E+07
429,1200000,6.00E+06
89750,900000,2.50E+04
43884,1200000,2.74E+06
13064,2600000,2.85E+06
7553,3000000,1.86E+07
39895,1100000,1.40E+06
94329,1100000,4.11E+06
289,878000,1.05E+07
1366,1000000,1.17E+08
5769,1000000,3.76E+07
277685,1000000,6.29E+07
103,1300000,2.83E+07
11298,1000000,1.80E+07
646,950000,5.96E+07
9003,1000000,1.46E+07
347126,5000000,2.35E+07
10092,1000000,1.01E+07
10643,1000000,1.00E+07
46705,3500000,1.66E+07
546,1000000,1.34E+07
76487,1000000,1.02E+08
5722,2090000,4.00E+07
39833,1000000,9.00E+06
1781,1000000,4.62E+07
18712,1000000,7.80E+06
171424,5000000,6.83E+06
113947,1000000,9.14E+06
32456,1000000,2.06E+06
13508,1000000,1.68E+06
22597,1000000,1.75E+06
26791,1000000,8.52E+05
56666,1000000,6.24E+05
46989,1000000,4.64E+05
123678,1000000,4.45E+05
13362,1000000,2.75E+05
18206,1000000,1.00E+04
13856,1000000,7.20E+03
29146,950000,8.15E+05
654,910000,9.60E+06
91070,930000,3.09E+04
2009,852510,1.19E+06
2652,950000,7.02E+06
9813,900000,3.81E+05
3170,858000,2.67E+08
15708,850000,8.20E+05
84200,850000,1.24E+06
47889,800000,1.00E+06
25461,800000,2.82E+06
26899,800000,6.29E+04
14451,800000,1.99E+06
838,777000,1.40E+08
84332,750000,4.01E+06
74725,500000,1.72E+05
58428,750000,7.84E+04
288,730000,8.00E+06
14275,700000,7.83E+06
18734,700000,1.67E+06
7859,700000,4.91E+06
302579,700000,1.05E+04
3080,609000,3.20E+06
2667,60000,2.48E+08
9459,600000,3.45E+07
704,560000,1.23E+07
14438,500000,3.35E+07
83,130000,5.47E+07
30315,500000,1.70E+07
2056,500000,8.68E+06
14271,2053648,5.00E+05
84401,500000,8.45E+05
12281,500000,6.04E+05
346,2000000,2.72E+05
45649,500000,9.80E+04
43933,500000,4.24E+06
15624,450000,9.74E+05
3062,439000,2.28E+06
8193,400000,4.61E+07
23827,15000,1.93E+08
762,400000,5.03E+06
1435,218,1.16E+06
9029,35000000,1.70E+08
11240,860000,2.45E+06
3059,385907,8.40E+06
65203,379000,4.36E+06
764,350000,2.94E+07
103620,6000000,3.11E+04
14278,300000,1.75E+06
389,350000,1.00E+06
3078,325000,4.50E+06
21525,300000,7.81E+06
55123,312000,1.28E+06
11980,8,1.60E+01
73981,300000,2.07E+06
118452,300000,4.05E+04
13282,300000,8.00E+06
2255,250000,1.20E+07
50035,250000,4.19E+06
431,250000,5.02E+05
51942,250,2.03E+02
60420,250000,3.54E+06
109729,250000,5.68E+04
3060,245000,2.20E+07
18533,230000,2.26E+06
139948,225000,1.11E+05
70478,100000,2.70E+07
35073,210000,5.00E+06
9659,400000,1.00E+08
10218,200000,4.51E+06
391,200000,1.45E+07
43595,200000,2.20E+06
54897,200000,2.30E+06
21334,180000,9.00E+05
79120,8000,4.70E+05
55420,100000,1.78E+06
5822,150000,1.52E+07
39141,150000,2.89E+06
5723,160000,2.07E+07
1779,160000,6.71E+06
84355,125000,3.20E+06
339408,8500000,1.59E+07
18925,100000,1.02E+07
299245,100000,4.27E+07
985,10000,7.00E+06
473,60000,3.22E+06
9372,65000,2.86E+07
47607,65000,4.17E+05
242095,4000000,6.01E+05
42151,31192,1.00E+04
2292,27000,3.15E+06
692,12000,6.00E+06
36095,20000,9.90E+04
14337,7000,4.25E+05
9367,220000,2.04E+06
